-- phpMyAdmin SQL Dump
-- version 4.7.7
-- https://www.phpmyadmin.net/
--
-- Host: localhost
-- Generation Time: Apr 09, 2019 at 05:16 AM
-- Server version: 10.1.30-MariaDB
-- PHP Version: 5.6.33

SET SQL_MODE = "NO_AUTO_VALUE_ON_ZERO";
SET AUTOCOMMIT = 0;
START TRANSACTION;
SET time_zone = "+00:00";


/*!40101 SET @OLD_CHARACTER_SET_CLIENT=@@CHARACTER_SET_CLIENT */;
/*!40101 SET @OLD_CHARACTER_SET_RESULTS=@@CHARACTER_SET_RESULTS */;
/*!40101 SET @OLD_COLLATION_CONNECTION=@@COLLATION_CONNECTION */;
/*!40101 SET NAMES utf8mb4 */;

--
-- Database: `bingo`
--

-- --------------------------------------------------------

--
-- Table structure for table `a_quien`
--

CREATE TABLE `a_quien` (
  `id` int(11) NOT NULL,
  `nombre` varchar(10) COLLATE utf8_spanish2_ci NOT NULL
) ENGINE=InnoDB DEFAULT CHARSET=utf8 COLLATE=utf8_spanish2_ci;

--
-- Dumping data for table `a_quien`
--

INSERT INTO `a_quien` (`id`, `nombre`) VALUES
(1, 'PRI'),
(2, 'PAN'),
(3, 'PRD');

-- --------------------------------------------------------

--
-- Table structure for table `ganadores`
--

CREATE TABLE `ganadores` (
  `id` int(11) NOT NULL,
  `id_jugador` int(11) NOT NULL,
  `id_usuario` int(11) NOT NULL DEFAULT '1'
) ENGINE=InnoDB DEFAULT CHARSET=utf8 COLLATE=utf8_spanish2_ci;

--
-- Dumping data for table `ganadores`
--

INSERT INTO `ganadores` (`id`, `id_jugador`, `id_usuario`) VALUES
(1, 1, 1),
(2, 20, 1),
(3, 336, 1),
(4, 349, 1),
(5, 726, 1),
(6, 797, 1),
(7, 338, 1),
(8, 589, 1),
(9, 801, 1),
(10, 789, 1),
(11, 163, 1),
(12, 25, 1),
(13, 147, 1),
(14, 609, 1),
(15, 9, 1),
(16, 453, 1),
(17, 240, 1),
(18, 766, 1),
(19, 692, 1),
(20, 754, 1),
(21, 810, 1),
(22, 575, 1),
(23, 193, 1),
(24, 705, 1),
(25, 196, 1),
(26, 459, 1),
(27, 694, 1),
(28, 717, 1),
(29, 237, 1),
(30, 388, 1),
(31, 460, 1),
(32, 257, 1),
(33, 111, 1),
(34, 466, 1),
(35, 588, 1),
(36, 422, 1),
(37, 133, 1),
(38, 587, 1),
(39, 100, 1),
(40, 558, 1),
(41, 30, 1),
(42, 604, 1),
(43, 76, 1),
(44, 503, 1),
(45, 77, 1),
(46, 771, 1),
(47, 794, 1),
(48, 566, 1),
(49, 841, 1),
(50, 576, 1),
(51, 779, 1),
(52, 621, 1),
(53, 743, 1),
(54, 477, 1),
(55, 510, 1),
(56, 549, 1),
(57, 518, 1),
(58, 227, 1),
(59, 750, 1),
(60, 55, 1),
(61, 750, 1),
(62, 55, 1),
(63, 55, 1),
(64, 55, 1),
(65, 53, 1),
(66, 54, 1),
(67, 751, 1),
(68, 598, 1),
(69, 599, 1),
(70, 785, 1),
(71, 696, 1),
(72, 570, 1),
(73, 776, 1),
(74, 520, 1),
(75, 426, 1),
(76, 708, 1),
(77, 839, 1),
(78, 538, 1),
(79, 75, 1),
(80, 247, 1),
(81, 60, 1),
(82, 110, 1),
(83, 596, 1),
(84, 583, 1),
(85, 97, 1),
(86, 816, 1),
(87, 186, 1),
(88, 63, 1),
(89, 786, 1),
(90, 491, 1),
(91, 137, 1),
(92, 661, 1),
(93, 34, 1),
(94, 40, 1),
(95, 532, 1),
(96, 851, 1),
(97, 184, 1),
(98, 506, 1),
(99, 505, 1),
(100, 528, 1),
(101, 822, 1),
(102, 382, 1),
(103, 849, 1),
(104, 380, 1),
(105, 455, 1),
(106, 142, 1),
(107, 611, 1),
(108, 204, 1),
(109, 398, 1),
(110, 612, 1),
(111, 131, 1),
(112, 613, 1),
(113, 249, 1),
(114, 593, 1),
(115, 248, 1),
(116, 660, 1),
(117, 44, 1),
(118, 45, 1),
(119, 265, 1),
(120, 632, 1),
(121, 602, 1),
(122, 548, 1),
(123, 509, 1),
(124, 18, 1),
(125, 585, 1),
(126, 713, 1),
(127, 335, 1),
(128, 27, 1),
(129, 703, 1),
(130, 784, 1),
(131, 28, 1),
(132, 629, 1),
(133, 627, 1),
(134, 571, 1),
(135, 773, 1),
(136, 164, 1),
(137, 521, 1),
(138, 165, 1),
(139, 850, 1),
(140, 194, 1),
(141, 539, 1),
(142, 195, 1),
(143, 540, 1),
(144, 483, 1),
(145, 835, 1),
(146, 428, 1),
(147, 430, 1),
(148, 597, 1),
(149, 729, 1),
(150, 406, 1),
(151, 405, 1),
(152, 87, 1),
(153, 270, 1),
(154, 796, 1),
(155, 522, 1),
(156, 574, 1),
(157, 284, 1),
(158, 685, 1),
(159, 109, 1),
(160, 69, 1),
(161, 845, 1),
(162, 577, 1),
(163, 823, 1),
(164, 372, 1),
(165, 815, 1),
(166, 489, 1),
(167, 444, 1),
(168, 421, 1),
(169, 442, 1),
(170, 749, 1),
(171, 680, 1),
(172, 156, 1),
(173, 668, 1),
(174, 363, 1),
(175, 537, 1),
(176, 608, 1),
(177, 650, 1),
(178, 320, 1),
(179, 679, 1),
(180, 512, 1),
(181, 479, 1),
(182, 504, 1),
(183, 637, 1),
(184, 636, 1),
(185, 472, 1),
(186, 673, 1),
(187, 803, 1),
(188, 562, 1),
(189, 458, 1),
(190, 536, 1),
(191, 474, 1),
(192, 475, 1),
(193, 837, 1),
(194, 828, 1),
(195, 488, 1),
(196, 478, 1),
(197, 722, 1),
(198, 733, 1),
(199, 762, 1),
(200, 454, 1),
(201, 781, 1),
(202, 674, 1),
(203, 818, 1),
(204, 819, 1),
(205, 853, 1),
(206, 791, 1),
(207, 457, 1),
(208, 651, 1),
(209, 838, 1),
(210, 103, 1),
(211, 820, 1),
(212, 24, 1),
(213, 449, 1),
(214, 671, 1),
(215, 471, 1),
(216, 470, 1),
(217, 277, 1),
(218, 278, 1),
(219, 843, 1),
(220, 370, 1),
(221, 607, 1),
(222, 793, 1),
(223, 221, 1),
(224, 625, 1),
(225, 573, 1),
(226, 294, 1),
(227, 623, 1),
(228, 263, 1),
(229, 464, 1),
(230, 790, 1),
(231, 704, 1),
(232, 799, 1),
(233, 798, 1),
(234, 805, 1),
(235, 780, 1),
(236, 624, 1),
(237, 527, 1),
(238, 465, 1),
(239, 291, 1),
(240, 802, 1),
(241, 745, 1),
(242, 86, 1),
(243, 547, 1),
(244, 833, 1),
(245, 740, 1),
(246, 223, 1),
(247, 763, 1),
(248, 655, 1),
(249, 706, 1),
(250, 286, 1),
(251, 567, 1),
(252, 669, 1),
(253, 732, 1),
(254, 746, 1),
(255, 232, 1),
(256, 456, 1),
(257, 13, 1),
(258, 808, 1),
(259, 159, 1),
(260, 226, 1),
(261, 770, 1),
(262, 413, 1),
(263, 371, 1),
(264, 480, 1),
(265, 821, 1),
(266, 735, 1),
(267, 476, 1),
(268, 747, 1),
(269, 162, 1),
(270, 82, 1),
(271, 731, 1),
(272, 778, 1),
(273, 170, 1),
(274, 402, 1),
(275, 777, 1),
(276, 264, 1),
(277, 169, 1),
(278, 495, 1),
(279, 269, 1),
(280, 192, 1),
(281, 586, 1),
(282, 497, 1),
(283, 127, 1),
(284, 688, 1),
(285, 329, 1),
(286, 239, 1),
(287, 715, 1),
(288, 118, 1),
(289, 330, 1),
(290, 119, 1),
(291, 115, 1),
(292, 151, 1),
(293, 830, 1),
(294, 266, 1),
(295, 300, 1),
(296, 700, 1),
(297, 233, 1),
(298, 322, 1),
(299, 507, 1),
(300, 230, 1),
(301, 126, 1),
(302, 289, 1),
(303, 445, 1),
(304, 66, 1),
(305, 333, 1),
(306, 431, 1),
(307, 342, 1),
(308, 124, 1),
(309, 283, 1),
(310, 633, 1),
(311, 764, 1),
(312, 220, 1),
(313, 401, 1),
(314, 64, 1),
(315, 741, 1),
(316, 180, 1),
(317, 47, 1),
(318, 594, 1),
(319, 462, 1),
(320, 737, 1),
(321, 328, 1),
(322, 535, 1),
(323, 317, 1),
(324, 325, 1),
(325, 809, 1),
(326, 26, 1),
(327, 236, 1),
(328, 93, 1),
(329, 256, 1),
(330, 526, 1),
(331, 287, 1),
(332, 664, 1),
(333, 150, 1),
(334, 207, 1),
(335, 215, 1),
(336, 138, 1),
(337, 391, 1),
(338, 259, 1),
(339, 414, 1),
(340, 392, 1),
(341, 216, 1),
(342, 393, 1),
(343, 641, 1),
(344, 10, 1),
(345, 104, 1),
(346, 88, 1),
(347, 630, 1),
(348, 231, 1),
(349, 787, 1),
(350, 217, 1),
(351, 617, 1),
(352, 41, 1),
(353, 275, 1),
(354, 70, 1),
(355, 132, 1),
(356, 352, 1),
(357, 353, 1),
(358, 46, 1),
(359, 288, 1),
(360, 432, 1),
(361, 141, 1),
(362, 469, 1),
(363, 144, 1),
(364, 168, 1),
(365, 107, 1),
(366, 831, 1),
(367, 323, 1),
(368, 203, 1),
(369, 374, 1),
(370, 519, 1),
(371, 285, 1),
(372, 408, 1),
(373, 166, 1),
(374, 543, 1),
(375, 130, 1),
(376, 135, 1),
(377, 761, 1),
(378, 2, 1),
(379, 295, 1),
(380, 635, 1),
(381, 199, 1),
(382, 734, 1),
(383, 395, 1),
(384, 368, 1),
(385, 767, 1),
(386, 206, 1),
(387, 292, 1),
(388, 143, 1),
(389, 315, 1),
(390, 78, 1),
(391, 452, 1),
(392, 451, 1),
(393, 783, 1),
(394, 120, 1),
(395, 31, 1),
(396, 68, 1),
(397, 441, 1),
(398, 171, 1),
(399, 788, 1),
(400, 409, 1),
(401, 390, 1),
(402, 348, 1),
(403, 304, 1),
(404, 376, 1),
(405, 242, 1),
(406, 760, 1),
(407, 48, 1),
(408, 182, 1),
(409, 83, 1),
(410, 373, 1),
(411, 337, 1),
(412, 71, 1),
(413, 258, 1),
(414, 42, 1),
(415, 140, 1),
(416, 3, 1),
(417, 652, 1),
(418, 50, 1),
(419, 443, 1),
(420, 622, 1),
(421, 316, 1),
(422, 49, 1),
(423, 312, 1),
(424, 572, 1),
(425, 500, 1),
(426, 51, 1),
(427, 177, 1),
(428, 529, 1),
(429, 439, 1),
(430, 560, 1),
(431, 344, 1),
(432, 396, 1),
(433, 840, 1),
(434, 718, 1),
(435, 299, 1),
(436, 280, 1),
(437, 160, 1),
(438, 719, 1),
(439, 179, 1),
(440, 74, 1),
(441, 345, 1),
(442, 36, 1),
(443, 386, 1),
(444, 385, 1),
(445, 79, 1),
(446, 219, 1),
(447, 276, 1),
(448, 437, 1),
(449, 487, 1),
(450, 394, 1),
(451, 37, 1),
(452, 84, 1),
(453, 185, 1),
(454, 436, 1),
(455, 757, 1),
(456, 435, 1),
(457, 446, 1),
(458, 742, 1),
(459, 616, 1),
(460, 755, 1),
(461, 354, 1),
(462, 355, 1),
(463, 438, 1),
(464, 281, 1),
(465, 253, 1),
(466, 91, 1),
(467, 92, 1),
(468, 319, 1),
(469, 516, 1),
(470, 273, 1),
(471, 224, 1),
(472, 647, 1),
(473, 234, 1),
(474, 235, 1),
(475, 525, 1),
(476, 523, 1),
(477, 524, 1),
(478, 720, 1),
(479, 298, 1),
(480, 202, 1),
(481, 243, 1),
(482, 15, 1),
(483, 775, 1),
(484, 419, 1),
(485, 251, 1),
(486, 14, 1),
(487, 16, 1),
(488, 43, 1),
(489, 418, 1),
(490, 145, 1),
(491, 12, 1),
(492, 114, 1),
(493, 58, 1),
(494, 484, 1),
(495, 681, 1),
(496, 501, 1),
(497, 174, 1),
(498, 768, 1),
(499, 646, 1),
(500, 52, 1),
(501, 33, 1),
(502, 639, 1),
(503, 638, 1),
(504, 157, 1),
(505, 698, 1),
(506, 183, 1),
(507, 702, 1),
(508, 225, 1),
(509, 658, 1),
(510, 375, 1),
(511, 218, 1),
(512, 102, 1),
(513, 101, 1),
(514, 89, 1),
(515, 492, 1),
(516, 65, 1),
(517, 677, 1),
(518, 511, 1),
(519, 683, 1),
(520, 252, 1),
(521, 121, 1),
(522, 502, 1),
(523, 282, 1),
(524, 361, 1),
(525, 389, 1),
(526, 800, 1),
(527, 628, 1),
(528, 817, 1),
(529, 811, 1),
(530, 362, 1),
(531, 642, 1),
(532, 188, 1),
(533, 601, 1),
(534, 122, 1),
(535, 123, 1),
(536, 99, 1),
(537, 568, 1),
(538, 667, 1),
(539, 665, 1),
(540, 351, 1),
(541, 153, 1),
(542, 7, 1),
(543, 450, 1),
(544, 81, 1),
(545, 72, 1),
(546, 334, 1),
(547, 852, 1),
(548, 569, 1),
(549, 844, 1),
(550, 8, 1),
(551, 530, 1),
(552, 473, 1),
(553, 339, 1),
(554, 496, 1),
(555, 228, 1),
(556, 117, 1),
(557, 752, 1),
(558, 581, 1),
(559, 631, 1),
(560, 533, 1),
(561, 693, 1),
(562, 807, 1),
(563, 580, 1),
(564, 301, 1),
(565, 499, 1),
(566, 306, 1),
(567, 542, 1),
(568, 434, 1),
(569, 369, 1),
(570, 417, 1),
(571, 290, 1),
(572, 23, 1),
(573, 98, 1),
(574, 813, 1),
(575, 736, 1),
(576, 365, 1),
(577, 139, 1),
(578, 728, 1),
(579, 615, 1),
(580, 22, 1),
(581, 654, 1),
(582, 829, 1),
(583, 759, 1),
(584, 695, 1),
(585, 605, 1),
(586, 712, 1),
(587, 246, 1),
(588, 684, 1),
(589, 381, 1),
(590, 834, 1),
(591, 19, 1),
(592, 359, 1),
(593, 427, 1),
(594, 714, 1),
(595, 21, 1),
(596, 400, 1),
(597, 610, 1),
(598, 172, 1),
(599, 347, 1),
(600, 486, 1),
(601, 420, 1),
(602, 614, 1),
(603, 848, 1),
(604, 149, 1),
(605, 814, 1),
(606, 255, 1);

-- --------------------------------------------------------

--
-- Table structure for table `jugadores`
--

CREATE TABLE `jugadores` (
  `id` int(11) NOT NULL,
  `id_usuario` int(11) NOT NULL,
  `id_seccional` int(11) NOT NULL DEFAULT '1',
  `id_zonal` int(11) NOT NULL DEFAULT '1',
  `identificador` varchar(100) COLLATE utf8_spanish2_ci NOT NULL,
  `nombre` varchar(100) COLLATE utf8_spanish2_ci NOT NULL,
  `a_paterno` varchar(50) COLLATE utf8_spanish2_ci NOT NULL,
  `a_materno` varchar(50) COLLATE utf8_spanish2_ci NOT NULL,
  `calle` varchar(200) COLLATE utf8_spanish2_ci NOT NULL,
  `numero` varchar(100) COLLATE utf8_spanish2_ci NOT NULL,
  `colonia` varchar(500) COLLATE utf8_spanish2_ci NOT NULL,
  `c_p` varchar(20) COLLATE utf8_spanish2_ci NOT NULL,
  `telefono` varchar(80) COLLATE utf8_spanish2_ci NOT NULL DEFAULT '449-123-45-67',
  `seccion` varchar(6) COLLATE utf8_spanish2_ci NOT NULL,
  `casilla` varchar(10) COLLATE utf8_spanish2_ci NOT NULL DEFAULT '1',
  `posibilidad` int(11) NOT NULL,
  `a_quien` int(11) NOT NULL,
  `edad` varchar(50) COLLATE utf8_spanish2_ci NOT NULL,
  `id_capturista` int(10) NOT NULL,
  `fecha_captura` date NOT NULL
) ENGINE=InnoDB DEFAULT CHARSET=utf8 COLLATE=utf8_spanish2_ci;

--
-- Dumping data for table `jugadores`
--

INSERT INTO `jugadores` (`id`, `id_usuario`, `id_seccional`, `id_zonal`, `identificador`, `nombre`, `a_paterno`, `a_materno`, `calle`, `numero`, `colonia`, `c_p`, `telefono`, `seccion`, `casilla`, `posibilidad`, `a_quien`, `edad`, `id_capturista`, `fecha_captura`) VALUES
(1, 79, 69, 65, '249', 'NORMA', 'ACEVEDO', 'VENEGAS', '', '', 'LA FLORIDA', '', '', '1', '1', 90, 2, '', 81, '2019-04-05'),
(2, 79, 69, 65, '250', 'MARIBEL', 'ADAME', 'DURAN', '', '', 'FRACC SOLAR DE JONACATIQUE', '', '4492285841', '1', '1', 90, 2, '', 81, '2019-04-05'),
(3, 79, 69, 65, '251', 'MA SANJUANA', 'ADAME', 'PEREZ', '', '', 'LOS VAZQUEZ', '', '4491474173', '1', '1', 90, 2, '', 81, '2019-04-05'),
(4, 79, 69, 65, '252', 'MARISOL', 'ADAME', 'PEREZ', '', '', 'LA VIZNAGA', '', '4401164112', '1', '1', 90, 2, '', 81, '2019-04-05'),
(5, 79, 69, 65, '253', 'CAIN', 'AGUIÑAGA', 'REYES', '', '', 'FRACC CHICAHUALES I', '', '4493979920', '1', '1', 90, 2, '', 81, '2019-04-05'),
(6, 79, 69, 65, '254', 'ANA ROSA', 'ALBA', 'MACIAS', '', '', 'GRAL IGNACIO ZARAGOZA', '', '4498046806', '1', '1', 90, 2, '', 81, '2019-04-05'),
(7, 79, 69, 65, '255', 'CELIA', 'ALMAGUER', 'HEREDIA', '', '', 'VALLADOLID', '', '4498912728', '1', '1', 90, 2, '', 81, '2019-04-05'),
(8, 79, 69, 65, '256', 'GRACIELA', 'ALONSO', 'RODRIGUEZ', '', '', 'COL CENTRO', '', '', '1', '1', 90, 2, '', 81, '2019-04-05'),
(9, 79, 69, 65, '257', 'ANGELINA (ALBINA),', 'ALONSO', 'TORRES', '', '', 'SOLAR DE JONACATIQUE', '', '4493553722', '1', '1', 90, 2, '', 81, '2019-04-05'),
(10, 79, 69, 65, '258', 'JOSE LUIS', 'ALVARADO', 'PLACIDO', '', '', 'VISTA HERMOSA', '', '4491251145', '1', '1', 90, 2, '', 81, '2019-04-05'),
(11, 79, 69, 65, '259', 'JOSE DE JESUS', 'ALVARADO', 'MARTINEZ', '', '', 'CENTRO', '', '4491239551', '1', '1', 90, 2, '', 81, '2019-04-05'),
(12, 79, 69, 65, '260', 'MA PATRICIA', 'ALVARADO', 'MARTINEZ', '', '', 'CENTRO', '', '4492610484', '1', '1', 90, 2, '', 81, '2019-04-05'),
(13, 79, 69, 65, '261', 'ISMAEL', 'ALVARADO', 'DE LA CRUZ', '', '', 'CENTRO', '', '4491071797', '1', '1', 90, 2, '', 81, '2019-04-05'),
(14, 79, 69, 65, '262', 'JUAN PABLO', 'ALVARADO', 'SILVA', '', '', 'COL CENTRO', '', '4492259773', '1', '1', 90, 2, '', 81, '2019-04-05'),
(15, 79, 69, 65, '263', 'SIGFRIDO', 'ALVARADO', 'MARTINEZ', '', '', 'FRACC PASEOS DE AGUASCALIENTES', '', '4494949615', '1', '1', 90, 2, '', 81, '2019-04-05'),
(16, 79, 69, 65, '264', 'VERONICA', 'ALVARADO', 'ESQUIVEL', '', '', 'COL LOS ARROYITOS', '', '4493378663', '1', '1', 90, 2, '', 81, '2019-04-05'),
(17, 79, 69, 65, '265', 'JUAN PABLO', 'ALVAREZ', 'RODRIGUEZ', '', '', 'EL LLANO', '', '', '1', '1', 90, 2, '', 81, '2019-04-05'),
(18, 79, 69, 65, '266', 'JOSE', 'ALVAREZ', 'DE LA CRUZ', '', '', 'MARAVILLAS', '', '4491437216', '1', '1', 90, 2, '', 81, '2019-04-05'),
(19, 79, 69, 65, '267', 'LAURA ELENA', 'ALVAREZ', 'RAMIREZ', '', '', 'FRACC RUISEÑORES', '', '4493467957', '1', '1', 90, 2, '', 81, '2019-04-05'),
(20, 79, 69, 65, '268', 'ENRIQUE', 'ALVAREZ', 'DE LUNA', '', '', 'MARAVILLAS', '', '4495525295', '1', '1', 90, 2, '', 81, '2019-04-05'),
(21, 79, 69, 65, '269', 'JEZLIA SARAY', 'ALVAREZ', 'HERNANDEZ', '', '', 'MARAVILLAS', '', '4498988841', '1', '1', 90, 2, '', 81, '2019-04-05'),
(22, 79, 69, 65, '270', 'ELIZABETH', 'ANDRADE', 'GARZA', '', '', 'MARTINEZ ANDRADE', '', '4491116389', '1', '1', 90, 2, '', 81, '2019-04-05'),
(23, 79, 69, 65, '271', 'ANTONIO', 'ANDRADE', 'MESA', '', '', 'MARTINEZ ANDRADE', '', '', '1', '1', 90, 2, '', 81, '2019-04-05'),
(24, 79, 69, 65, '272', 'JOSE ANTONIO', 'ARAMBULA', 'LOPEZ', '', '', 'VALLE DE MARGARITAS', '', '4491559193', '1', '1', 90, 2, '', 81, '2019-04-05'),
(25, 79, 69, 65, '273', 'AIDEE EILEEN', 'ARANA', 'GONZALEZ', '', '', 'FRACC VILLA CAMPESTRE', '', '4492616683', '1', '1', 90, 2, '', 81, '2019-04-05'),
(26, 79, 69, 65, '274', 'AMELIA', 'ARAUJO', 'VALDEZ', '', '', 'TEPETATES', '', '', '1', '1', 90, 2, '', 81, '2019-04-05'),
(27, 79, 69, 65, '275', 'DULCE MARIA', 'ARENAS', 'ESQUIVEL', '', '', 'CENTRO', '', '4491737121', '1', '1', 90, 2, '', 81, '2019-04-05'),
(28, 79, 69, 65, '276', 'ROSA IMELDA', 'ARENAS', 'ESQUIVEL', '', '', 'CENTRO', '', '4491026835', '1', '1', 90, 2, '', 81, '2019-04-05'),
(29, 79, 69, 65, '277', 'MARIA GUADALUPE', 'ARENAS', 'GUTIERREZ', '', '', 'TAPIAS VIEJAS', '', '9703909768', '1', '1', 90, 2, '', 81, '2019-04-05'),
(30, 79, 69, 65, '278', 'SERGIO FAVIAN', 'ARENAS', 'LOPEZ', '', '', 'TAPIAS VIEJAS', '', '4492434984', '1', '1', 90, 2, '', 81, '2019-04-05'),
(31, 79, 69, 65, '279', 'LAURA ISELA', 'ARRIAGA', 'HERRERA', '', '', 'CHICAHUALES II', '', '4495570756', '1', '1', 90, 2, '', 81, '2019-04-05'),
(32, 79, 69, 65, '280', 'KARLA PAOLA', 'AVILA', 'REYES', '', '', 'FRACC LOS NOGALES', '', '4491547205', '1', '1', 90, 2, '', 81, '2019-04-05'),
(33, 79, 69, 65, '281', 'MARIA CRISTINA', 'AVILA', 'ESQUIVEL', '', '', 'LOS ARROYITOS', '', '', '1', '1', 90, 2, '', 81, '2019-04-05'),
(34, 79, 69, 65, '282', 'MARIA IRENE', 'AZUA', 'RODRIGUEZ', '', '', 'CENIZO', '', '449-277-12-26', '1', '1', 90, 2, '', 81, '2019-04-05'),
(35, 79, 69, 65, '283', 'LETICIA', 'BALCAZAR', 'MARTINEZ', '', '', '', '', '', '1', '1', 90, 2, '', 81, '2019-04-05'),
(36, 79, 69, 65, '284', 'ROBERTO', 'BARBOSA', 'ALVAREZ', '', '', 'ARBOLEDAS', '', '4491018849', '1', '1', 90, 2, '', 81, '2019-04-05'),
(37, 79, 69, 65, '285', 'CRESCENCIO', 'BARRIOS', 'JIMENEZ', '', '', 'FLORES MAGON', '', '', '1', '1', 90, 2, '', 81, '2019-04-05'),
(38, 79, 69, 65, '286', 'RAFAEL', 'BAÑUELOS', 'BELLO', '', '', 'COND PUERTA GRANDE', '', '4494138102', '1', '1', 90, 2, '', 81, '2019-04-05'),
(39, 79, 69, 65, '287', 'JIMENA DE MARIA', 'BECERRIL', 'ALBA', '', '', 'LA TOMATINA', '', '', '1', '1', 90, 2, '', 81, '2019-04-05'),
(40, 79, 69, 65, '288', 'PEDRO EDMUNDO', 'BECERRIL', 'ALBA', '', '', '', '', '', '1', '1', 90, 2, '', 81, '2019-04-05'),
(41, 79, 69, 65, '289', 'ANA GABRIELA ', 'BEJARANO', 'REYES ', '', '', 'COL CENTRO', '', '4491721160', '1', '1', 90, 2, '', 81, '2019-04-05'),
(42, 79, 69, 65, '290', 'LUZ MA', 'BELTRAN', 'RAMIREZ', '', '', 'CENTRO', '', '449-119-90-25', '1', '1', 90, 2, '', 81, '2019-04-05'),
(43, 79, 69, 65, '291', 'MANUEL', 'BELTRAN', 'MARTINEZ', '', '', 'SAN MIGUELITO', '', '4492919573 ES DE SU HIJA', '1', '1', 90, 2, '', 81, '2019-04-05'),
(44, 79, 69, 65, '292', 'VALENTIN', 'BELTRAN', 'MARTINEZ', '', '', 'LA CARDONA', '', '4492589922', '1', '1', 90, 2, '', 81, '2019-04-05'),
(45, 79, 69, 65, '293', 'LEOBARDO', 'BELTRAN', 'RAMIREZ', '', '', 'LA CARDONA', '', '4492686221', '1', '1', 90, 2, '', 81, '2019-04-05'),
(46, 79, 69, 65, '294', 'MA IMELDA', 'BELTRAN', 'DE LOERA', '', '', 'CORRAL DE BARRANCOS', '', '4492798047', '1', '1', 90, 2, '', 81, '2019-04-05'),
(47, 79, 69, 65, '295', 'MARIA DEL REFUGIO', 'BELTRAN', 'RAMIREZ', '', '', 'LOS ARROYITOS', '', '4492919573', '1', '1', 90, 2, '', 81, '2019-04-05'),
(48, 79, 69, 65, '296', 'JOSE REFUGIO ', 'BELTRAN ', 'MORENO ', '', '', '', '', '4491111486', '1', '1', 90, 2, '', 81, '2019-04-05'),
(49, 79, 69, 65, '297', 'ROBERTO', 'BENITEZ', 'SALAS', '', '', 'EL LLANO', '', '4491652889', '1', '1', 90, 2, '', 81, '2019-04-05'),
(50, 79, 69, 65, '298', 'FATIMA DEL ROSARIO DE LA SANTA FAZ', 'BENITEZ', 'SUAREZ', '', '', 'EL LLANO', '', '4492684657', '1', '1', 90, 2, '', 81, '2019-04-05'),
(51, 79, 69, 65, '299', 'MARTHA MAYELA', 'BENITEZ', 'SUAREZ', '', '', 'EL LLANO', '', '4491285719', '1', '2', 90, 2, '', 81, '2019-04-05'),
(52, 79, 69, 65, '300', 'ROBERTO EDUARDO', 'BENITEZ', 'SUAREZ', '', '', 'EL LLANO', '', '4491285719', '1', '2', 90, 2, '', 81, '2019-04-05'),
(53, 79, 69, 65, '301', 'GUSTAVO', 'BERNAL', 'MUÑOZ', '', '', 'CAÑADA DEL RODEO', '', '4491961866', '1', '2', 90, 2, '', 81, '2019-04-05'),
(54, 79, 69, 65, '302', 'OFELIA', 'BERNAL', 'MUÑOZ', '', '', 'CAÑADA DEL RODEO', '', '4491072568', '1', '2', 90, 2, '', 81, '2019-04-05'),
(55, 79, 69, 65, '303', 'REBECA', 'BERNAL', 'MUÑOZ', '', '', 'CAÑADA DEL RODEO', '', '4498972628', '1', '2', 90, 2, '', 81, '2019-04-05'),
(56, 79, 69, 65, '304', 'MARIA ENGRACIA', 'BONILLA', 'CAMPOS', '', '', 'FRACC CHICAHUALES II', '', '4492068058', '1', '2', 90, 2, '', 81, '2019-04-05'),
(57, 79, 69, 65, '305', 'MARIA FERNANDA', 'BRECEDA', 'LUNA', '', '', 'COND PUERTA GRANDE', '', '4491234960', '1', '2', 90, 2, '', 81, '2019-04-05'),
(58, 79, 69, 65, '306', 'GABRIELA', 'CALDERON', 'DURON', '', '', 'CENTRO ', '', '4492834872', '1', '2', 90, 2, '', 81, '2019-04-05'),
(59, 79, 69, 65, '307', 'YADIRA', 'CALDERON', 'DURON', '', '', 'CENTRO', '', '449-203-00-98', '1', '2', 90, 2, '', 81, '2019-04-05'),
(60, 79, 69, 65, '308', 'ADOLFO', 'CALZADA', 'MONTAÑEZ', '', '', 'VILLAS DE GUADALUPE', '', '', '1', '2', 90, 2, '', 81, '2019-04-05'),
(61, 79, 69, 65, '309', 'ISMAEL', 'CALZADA ', 'TORRES ', '', '', 'MARTINEZ Andrade', '', '4491952605', '1', '2', 90, 2, '', 81, '2019-04-05'),
(62, 79, 69, 65, '310', 'ANGELICA MARIA', 'CAMARILLO', 'ORTEGA', '', '', '', '', '', '1', '2', 90, 2, '', 81, '2019-04-05'),
(63, 79, 69, 65, '311', 'ERICA', 'CARDONA', 'DURON', '', '', 'MILPILLAS DE ABAJO', '', '4491573531', '1', '2', 90, 2, '', 81, '2019-04-05'),
(64, 79, 69, 65, '312', 'CONCEPCION', 'CARMONA', 'DE LOS ANGELES', '', '', 'FRACC ARBOLEDAS', '', '4491085204', '1', '2', 90, 2, '', 81, '2019-04-05'),
(65, 79, 69, 65, '313', 'MARIA DE JESUS ', 'CARRANZA ', 'DE LUNA ', '', '', 'BENIGNO CHAVEZ', '', '', '1', '2', 90, 2, '', 81, '2019-04-05'),
(66, 79, 69, 65, '314', 'JOSE TRINIDAD', 'CARREON', 'JAIME', '', '', 'FRACC LOMAS DE JESUS MARIA', '', '4492690721', '1', '2', 90, 2, '', 81, '2019-04-05'),
(67, 79, 69, 65, '315', 'JAVIER', 'CARRERA', 'LUNA', '', '', 'CENTRO JESUS GOMEZ PORTUGAL', '', '4651183189', '1', '2', 90, 2, '', 81, '2019-04-05'),
(68, 79, 69, 65, '316', 'KARLA NOEMI', 'CARRERA', 'PEÑA', '', '', 'FRACC VALLE DE MARGARITAS', '', '4498954924', '1', '2', 90, 2, '', 81, '2019-04-05'),
(69, 79, 69, 65, '317', 'ARCELIA ELENA', 'CASTAÑEDA', 'CASTRO', '', '', 'SOLIDARIDAD', '', '4494002899', '1', '2', 90, 2, '', 81, '2019-04-05'),
(70, 79, 69, 65, '318', 'MIGUEL ANGEL', 'CASTAÑEDA', 'ORTIZ', '', '', 'SOLIDARIDAD', '', '4491156202', '1', '2', 90, 2, '', 81, '2019-04-05'),
(71, 79, 69, 65, '319', 'MARIA EVELIA', 'CASTORENA', 'CALLEROS', '', '', 'CHICAHUALES I', '', '4493373928', '1', '2', 90, 2, '', 81, '2019-04-05'),
(72, 79, 69, 65, '320', 'MA ERNESTINA', 'CASTRO', 'CALDERA', '', '', 'LA FLORIDA', '', '449-276-13-31', '1', '2', 90, 2, '', 81, '2019-04-05'),
(73, 79, 69, 65, '321', 'MARIA GUADALUPE', 'CASTRO', 'CALDERA', '', '', 'GRANJA MIRAVALLE', '', '4491794541', '1', '2', 90, 2, '', 81, '2019-04-05'),
(74, 79, 69, 65, '322', 'PABLO', 'CASTRO', 'QUEZADA', '', '', 'FRACC PASEOS DE AGUASCALIENTES', '', '449-129-15-81', '1', '2', 90, 2, '', 81, '2019-04-05'),
(75, 79, 69, 65, '323', 'JORGE ANTONIO', 'CASTRO', 'ESQUIVEL', '', '', 'SAN ANTONIO DE LOS HORCONES', '', '449-344-42-13', '1', '2', 90, 2, '', 81, '2019-04-05'),
(76, 79, 69, 65, '324', 'JUANA MARIA', 'CASTRO', 'ESQUIVEL', '', '', 'SAN ANTONIO DE LOS HORCONES', '', '449-552-65-10', '1', '2', 90, 2, '', 81, '2019-04-05'),
(77, 79, 69, 65, '325', 'JORGE', 'CASTRO', 'PACHECO', '', '', 'SAN ANTONIO DE LOS HORCONES', '', '4491095263', '1', '2', 90, 2, '', 81, '2019-04-05'),
(78, 79, 69, 65, '326', 'MA DEL CARMEN', 'CASTRO', 'PACHECO', '', '', 'SAN ANTONIO DE LOS HORCONES', '', '449216099', '1', '2', 90, 2, '', 81, '2019-04-05'),
(79, 79, 69, 65, '327', 'SERGIO', 'CASTRO', 'PACHECO', '', '', 'SAN ANTONIO DE LOS HORCONES', '', '4493434644', '1', '2', 90, 2, '', 81, '2019-04-05'),
(80, 79, 69, 65, '328', 'FRANCISCO', 'CASTRO', 'MONTAÑEZ', '', '', 'EL CALVARIO ', '', '449-206-80-53', '1', '2', 90, 2, '', 81, '2019-04-05'),
(81, 79, 69, 65, '329', 'MA YOLANDA', 'CASTRO', 'PACHECO', '', '', 'FRACC LOMAS DE JESUS MARIA', '', '4491244578', '1', '2', 90, 2, '', 81, '2019-04-05'),
(82, 79, 69, 65, '330', 'GISELA', 'CASTRO', 'PACHECO', '', '', 'CORRAL DE BARRANCOS', '', '4492116176', '1', '2', 90, 2, '', 81, '2019-04-05'),
(83, 79, 69, 65, '331', 'JOSE', 'CASTRO', 'ESPARZA', '', '', 'SAN ANTONIO DE LOS HORCONES', '', '4491861736', '1', '2', 90, 2, '', 81, '2019-04-05'),
(84, 79, 69, 65, '332', 'AURORA', 'CAÑEDO', 'MARTINEZ', '', '', 'FLORES MAGON', '', '4492178946', '1', '2', 90, 2, '', 81, '2019-04-05'),
(85, 79, 69, 65, '333', 'HERLINDA', 'CEDILLO', 'VAZQUEZ', '', '', 'BENIGNO CHAVEZ', '', '4499060073', '1', '2', 90, 2, '', 81, '2019-04-05'),
(86, 79, 69, 65, '334', 'MA DE TERESA', 'CERBANTES', 'SOTO', '', '', 'JESUS GOMEZ PORTUGAL ORIENTE', '', '4493943838', '1', '2', 90, 2, '', 81, '2019-04-05'),
(87, 79, 69, 65, '335', 'MARICELA', 'CERVANTES', 'CHAVEZ', '', '', 'FRACC ARBOLEDAS II', '', '4492892232', '1', '2', 90, 2, '', 81, '2019-04-05'),
(88, 79, 69, 65, '336', 'DIEGO ARMANDO', 'CERVANTES', 'ESQUEDA', '', '', 'LOC IGNACIO ZARAGOZA', '', '', '1', '2', 90, 2, '', 81, '2019-04-05'),
(89, 79, 69, 65, '337', 'SANDRA PAHOLA', 'CERVANTES', 'CORDERO', '', '', 'SOLAR DE JONACATIQUE', '', '4491855390', '1', '2', 90, 2, '', 81, '2019-04-05'),
(90, 79, 69, 65, '338', 'VERONICA', 'CHAVEZ', 'GUTIERREZ', '', '', 'VILLAS DEL SOL', '', '4491891762', '1', '2', 90, 2, '', 81, '2019-04-05'),
(91, 79, 69, 65, '339', 'EPITACIO', 'CHAVEZ', 'AVILA', '', '', 'GRAL IGNACIO ZARAGOZA', '', '492243929', '1', '2', 90, 2, '', 81, '2019-04-05'),
(92, 79, 69, 65, '340', 'FILEMON', 'CHAVEZ', 'AVILA', '', '', 'GRAL IGNACIO ZARAGOZA', '', '', '1', '2', 90, 2, '', 81, '2019-04-05'),
(93, 79, 69, 65, '341', 'JORGE ALBERTO', 'CHAVEZ', 'TORRES', '', '', '', '', '', '1', '2', 90, 2, '', 81, '2019-04-05'),
(94, 79, 69, 65, '342', 'JUAN AURELIO', 'CHAVEZ', 'DE LUNA', '', '', 'CHICAHUALES I', '', '4491000622', '1', '2', 90, 2, '', 81, '2019-04-05'),
(95, 79, 69, 65, '343', 'ADRIANA ELIZABETH', 'CHAVEZ', 'GAYTAN', '', '', 'FRACC CHICAHUALES I', '', '4498983510', '1', '2', 90, 2, '', 81, '2019-04-05'),
(96, 79, 69, 65, '344', 'ISABEL', 'CHAVEZ', 'GAYTAN', '', '', 'FRACC CHICAHUALES I', '', '4492163430', '1', '2', 90, 2, '', 81, '2019-04-05'),
(97, 79, 69, 65, '345', 'RAYMUNDO', 'CISNEROS', 'MOLINA', '', '', 'GRANJA MIRAVALLE', '', '4493992597', '1', '2', 90, 2, '', 81, '2019-04-05'),
(98, 79, 69, 65, '346', 'ARELY', 'COLLAZO', 'MACIAS', '', '', 'ALCAZAR RESIDENCIAL', '', '4499194359', '1', '2', 90, 2, '', 81, '2019-04-05'),
(99, 79, 69, 65, '347', 'MARIA DEL REFUGIO', 'CONTRERAS', 'TORRES', '', '', 'CHICAHUALES I', '', '4491032378', '1', '2', 90, 2, '', 81, '2019-04-05'),
(100, 79, 69, 65, '348', 'JOSE HUMBERTO', 'CONTRERAS', 'ARELLANO', '', '', 'GRAL IGNACIO ZARAGOZA', '', '4491236817', '1', '2', 90, 2, '', 81, '2019-04-05'),
(101, 79, 70, 65, '349', 'MA DE LOS ANGELES', 'CORDERO', 'MOYA', '', '', 'SOLAR DE JONACATIQUE', '', '4491212757', '1', '3', 90, 2, '', 81, '2019-04-05'),
(102, 79, 70, 65, '350', 'MIGUEL ANGEL', 'CORDOVA', 'CASILLAS', '', '', 'VALLE DE MARGARITAS', '', '4491873588', '1', '3', 90, 2, '', 81, '2019-04-05'),
(103, 79, 70, 65, '351', 'LILIANA', 'CORONADO', 'CHAVEZ', '', '', 'VALLE DE MARGARITAS', '', '4491558469', '1', '3', 90, 2, '', 81, '2019-04-05'),
(104, 79, 70, 65, '352', 'ALMA DELIA', 'CORTES', 'ADAME', '', '', 'CENTRO', '', '4499903682', '1', '3', 90, 2, '', 81, '2019-04-05'),
(105, 79, 70, 65, '353', 'ENRIQUE', 'CORTES', 'HERNANDEZ', '', '', 'SAN ANTONIO DE LOS HORCONES', '', '4491881855', '1', '3', 90, 2, '', 81, '2019-04-05'),
(106, 79, 70, 65, '354', 'AMELIA', 'CORTEZ', 'MORALES', '', '', 'EL CENIZO', '', '4491981946', '1', '3', 90, 2, '', 81, '2019-04-05'),
(107, 79, 70, 65, '355', 'TERESA', 'CRUZ', 'ORDORICA', '', '', 'COL EL TORITO', '', '4492629211', '1', '3', 90, 2, '', 81, '2019-04-05'),
(108, 79, 70, 65, '356', 'MARIA DEL CARMEN', 'CRUZ', 'MARTINEZ', '', '', 'COL MARTINEZ ANDRADE', '', '4491858297', '1', '3', 90, 2, '', 81, '2019-04-05'),
(109, 79, 70, 65, '357', 'JUAN', 'CRUZ', 'SUSTAITA', '', '', 'MILPILLAS DE ABAJO', '', '4491141478', '1', '3', 90, 2, '', 81, '2019-04-05'),
(110, 79, 70, 65, '358', 'MA GUADALUPE', 'CRUZ', 'SUSTAITA', '', '', 'MILPILLAS DE ABAJO', '', '4491838595', '1', '3', 90, 2, '', 81, '2019-04-05'),
(111, 79, 70, 65, '359', 'RUBEN', 'CRUZ', 'CARREON', '', '', 'SOLAR DE JONACATIQUE', '', '4491789713', '1', '3', 90, 2, '', 81, '2019-04-05'),
(112, 79, 70, 65, '360', 'CRUZ ENRIQUE', 'CUEVAS', 'PEREZ', '', '', 'FRACC VALLE DE MARGARITAS', '', '4492089739', '1', '3', 90, 2, '', 81, '2019-04-05'),
(113, 79, 70, 65, '361', 'LAURA', 'DAVALOS', 'ISAAC', '', '', 'FRACC PASEO DE ARGENTA', '', '', '1', '3', 90, 2, '', 81, '2019-04-05'),
(114, 79, 70, 65, '362', 'MARIA ENGRACIA', 'DE ALBA', 'LOPEZ', '', '', 'FRACC JACARANDAS', '', '4491541210', '1', '3', 90, 2, '', 81, '2019-04-05'),
(115, 79, 70, 65, '363', 'MA DEL CARMEN', 'DE ANDA', 'BERNAL', '', '', 'JESUS GOMEZ PORTUGAL', '', '4492011751', '1', '3', 90, 2, '', 81, '2019-04-05'),
(116, 79, 70, 65, '364', 'MARTIN', 'DE LA CRUZ', 'MARCIAL', '', '', 'EJIDAL', '', '4493263771', '1', '3', 90, 2, '', 81, '2019-04-05'),
(117, 79, 70, 65, '365', 'FERNANDO', 'DE LA CRUZ', 'MARTINEZ', '', '', 'TEPETATES', '', '4492119263', '1', '3', 90, 2, '', 81, '2019-04-05'),
(118, 79, 70, 65, '366', 'MARICELA', 'DE LA CRUZ', 'MONTANEZ', '', '', 'COL CENTRO', '', '4491126127', '1', '3', 90, 2, '', 81, '2019-04-05'),
(119, 79, 70, 65, '367', 'MARIA DEL ROCIO', 'DE LA CRUZ', 'MONTAÑEZ', '', '', 'FRACC EL MEZQUITAL', '', '', '1', '3', 90, 2, '', 81, '2019-04-05'),
(120, 79, 70, 65, '368', 'FELIPE DE JESUS', 'DE LA CRUZ', 'DE LUNA', '', '', 'COL CENTRO', '', '449-212-85-37', '1', '3', 90, 2, '', 81, '2019-04-05'),
(121, 79, 70, 65, '369', 'CRISTINA', 'DE LA CRUZ', 'ESQUIVEL', '', '', '', '', '', '1', '3', 90, 2, '', 81, '2019-04-05'),
(122, 79, 70, 65, '370', 'LAURA CECILIA', 'DE LA CRUZ', 'ESQUIVEL', '', '', 'COL CENTRO', '', '449-280-83-94', '1', '3', 90, 2, '', 81, '2019-04-05'),
(123, 79, 70, 65, '371', 'MARIA ESTHER', 'DE LA CRUZ', 'ESQUIVEL', '', '', 'COL CENTRO', '', '4491252282', '1', '3', 90, 2, '', 81, '2019-04-05'),
(124, 79, 70, 65, '372', 'DIEGO ANTONIO', 'DE LA CRUZ', 'EZQUIVEL', '', '', 'CENTRO', '', '449-185-33-10', '1', '3', 90, 2, '', 81, '2019-04-05'),
(125, 79, 70, 65, '373', 'NORMA', 'DE LA CRUZ', 'ESQUIVEL', '', '', 'COL OJOS DE AGUA', '', '4493944787', '1', '3', 90, 2, '', 81, '2019-04-05'),
(126, 79, 70, 65, '374', 'MA. DE JESUS', 'DE LA CRUZ', 'ESQUIVEL', '', '', 'FRACC PASEOS DE LAS HACIENDAS', '', '449-256-60-24', '1', '3', 90, 2, '', 81, '2019-04-05'),
(127, 79, 70, 65, '375', 'MA DEL SOCORRO', 'DE LA CRUZ', 'DE LOS SANTOS', '', '', 'LOS RAMIREZ', '', '4499502414', '1', '3', 90, 2, '', 81, '2019-04-05'),
(128, 79, 70, 65, '376', 'MARIA DE JESUS', 'DE LA CRUZ', 'DELGADO', '', '', '', '', '', '1', '3', 90, 2, '', 81, '2019-04-05'),
(129, 79, 70, 65, '377', 'MA MERCEDES', 'DE LA CRUZ', 'DE LUNA', '', '', 'COL CENTRO', '', '4491794351', '1', '3', 90, 2, '', 81, '2019-04-05'),
(130, 79, 70, 65, '378', 'ROSA MARIA', 'DE LARA', 'RUIZ', '', '', 'LAS CIENEGUITAS', '', '4499088202', '1', '3', 90, 2, '', 81, '2019-04-05'),
(131, 79, 70, 65, '379', 'LAURA ELENA', 'DE LIRA', 'BELTRAN', '', '', 'EL TORITO', '', '', '1', '3', 90, 2, '', 81, '2019-04-05'),
(132, 79, 70, 65, '380', 'MA NAZARIA', 'DE LIRA', 'MARCIAL', '', '', 'PASO BLANCO', '', '449-115-84-51', '1', '3', 90, 2, '', 81, '2019-04-05'),
(133, 79, 70, 65, '381', 'CLAUDIA GUADALUPE', 'DE LIRA', 'BELTRAN', '', '', 'CORRAL DE BARRANCOS', '', '4491038908', '1', '3', 90, 2, '', 81, '2019-04-05'),
(134, 79, 70, 65, '382', 'MARIA DEL PILAR', 'DE LIRA', 'BELTRAN', '', '', 'CORRAL DE BARRANCOS', '', '4499197394', '1', '3', 90, 2, '', 81, '2019-04-05'),
(135, 79, 70, 65, '383', 'MARTHA CONCEPCION', 'DE LIRA', 'BELTRAN', '', '', 'CORRAL DE BARRANCOS', '', '4492270510', '1', '3', 90, 2, '', 81, '2019-04-05'),
(136, 79, 70, 65, '384', 'ROSA IMELDA', 'DE LIRA', 'BELTRAN', '', '', 'CORRAL DE BARRANCOS', '', '4499995658', '1', '3', 90, 2, '', 81, '2019-04-05'),
(137, 79, 70, 65, '385', 'YADIRA', 'DE LOERA', 'MARTINEZ', '', '', 'MILPILLAS DE ABAJO', '', '4499199100', '1', '3', 90, 2, '', 81, '2019-04-05'),
(138, 79, 70, 65, '386', 'SANTIAGO', 'DE LOS SANTOS', 'DURON', '', '', 'COL CENTRO', '', '', '1', '3', 90, 2, '', 81, '2019-04-05'),
(139, 79, 70, 65, '387', 'ROSALBA', 'DE LOS SANTOS', 'HERNANDEZ', '', '', 'LOS VAZQUEZ', '', '4491644873', '1', '3', 90, 2, '', 81, '2019-04-05'),
(140, 79, 70, 65, '388', 'ANA DELIA', 'DE LOS SANTOS', 'DURON', '', '', 'CENTRO', '', '', '1', '3', 90, 2, '', 81, '2019-04-05'),
(141, 79, 70, 65, '389', 'NORMA CECILIA', 'DE LOS SANTOS', 'DURON', '', '', 'CENTRO', '', '4495520092', '1', '3', 90, 2, '', 81, '2019-04-05'),
(142, 79, 70, 65, '390', 'LUCIO', 'DE LOS SANTOS', 'JAIME', '', '', 'COL CENTRO', '', '', '1', '3', 90, 2, '', 81, '2019-04-05'),
(143, 79, 70, 65, '391', 'MA DE LA LUZ', 'DE LUNA', 'GARCIA', '', '', 'CENTRO', '', '', '1', '3', 90, 2, '', 81, '2019-04-05'),
(144, 79, 70, 65, '392', 'SERGIO', 'DE LUNA', 'MARTINEZ', '', '', 'MARAVILLAS', '', '4491447850', '1', '3', 90, 2, '', 81, '2019-04-05'),
(145, 79, 70, 65, '393', 'JACOB', 'DE LUNA', 'MARTINEZ', '', '', 'TEPETATES', '', '4491209882', '1', '3', 90, 2, '', 81, '2019-04-05'),
(146, 79, 70, 65, '394', 'JOSUE EMMANUEL', 'DE LUNA', 'MACIAS', '', '', 'EL CALVARIO', '', '4491105185', '1', '3', 90, 2, '', 81, '2019-04-05'),
(147, 79, 70, 65, '395', 'PEDRO ISAAC', 'DE LUNA', 'MACIAS', '', '', 'EL CALVARIO', '', '4491483897', '1', '3', 90, 2, '', 81, '2019-04-05'),
(148, 79, 70, 65, '396', 'JUAN CARLOS', 'DE LUNA', 'ORTIZ', '', '', 'EJIDAL', '', '449-290-84-86', '1', '3', 90, 2, '', 81, '2019-04-05'),
(149, 79, 70, 65, '397', 'FRANCISCA', 'DE LUNA', 'DE LA CRUZ', '', '', 'SOLIDARIDAD', '', '', '1', '3', 90, 2, '', 81, '2019-04-05'),
(150, 79, 70, 65, '398', 'JUAN', 'DE LUNA', 'MARTINEZ', '', '', 'TEPETATES', '', '7641128655', '1', '3', 90, 2, '', 81, '2019-04-05'),
(151, 79, 70, 65, '399', 'BRENDA FABIOLA', 'DE LUNA', 'PEREZ', '', '', 'TEPETATES', '', '4492608235', '1', '4', 90, 2, '', 81, '2019-04-05'),
(152, 79, 70, 65, '400', 'JUAN ISAC', 'DE LUNA', 'PEREZ', '', '', 'TEPETATES', '', '4491037637', '1', '4', 90, 2, '', 81, '2019-04-05'),
(153, 79, 70, 65, '401', 'MARIA GUADALUPE', 'DE LUNA', 'PEREZ', '', '', 'TEPETATES', '', '4498076526', '1', '4', 90, 2, '', 81, '2019-04-05'),
(154, 79, 70, 65, '402', 'MARIA ISAURA', 'DE LUNA', 'PEREZ', '', '', 'TEPETATES', '', '4494480141', '1', '4', 90, 2, '', 81, '2019-04-05'),
(155, 79, 70, 65, '403', 'FELIPE DE JESUS', 'DE LUNA', 'HERNANDEZ', '', '', 'FRACC PASEOS DE LAS HACIENDAS', '', '4491671718', '1', '4', 90, 2, '', 81, '2019-04-05'),
(156, 79, 70, 65, '404', 'BRENDA ALICIA', 'DE LUNA', 'ESQUIVEL', '', '', 'COL CENTRO', '', '4491564831', '1', '4', 90, 2, '', 81, '2019-04-05'),
(157, 79, 70, 65, '405', 'MARIA SUSANA', 'DE LUNA', 'ESQUIVEL', '', '', 'FRACC AYUNTAMIENTO', '', '4494144289', '1', '4', 90, 2, '', 81, '2019-04-05'),
(158, 79, 70, 65, '406', 'SALVADOR', 'DE LUNA', 'LOPEZ', '', '', 'VALLADOLID', '', '4493981325', '1', '4', 90, 2, '', 81, '2019-04-05'),
(159, 79, 70, 65, '407', 'ADOLFO', 'DE LUNA', 'MARTINEZ', '', '', 'MARAVILLAS', '', '4491011159', '1', '4', 90, 2, '', 81, '2019-04-05'),
(160, 79, 70, 65, '408', 'SOLEDAD', 'DE LUNA', 'MARTINEZ', '', '', 'MARAVILLAS', '', '', '1', '4', 90, 2, '', 81, '2019-04-05'),
(161, 79, 70, 65, '409', 'VIRGINIA', 'DE LUNA', 'DE LUNA', '', '', 'MILPILLAS DE ABAJO', '', '', '1', '4', 90, 2, '', 81, '2019-04-05'),
(162, 79, 70, 65, '410', 'MIGUEL', 'DE LUNA', 'MARTINEZ', '', '', 'LUIS DONALDO COLOSIO', '', '4499907312', '1', '4', 90, 2, '', 81, '2019-04-05'),
(163, 79, 70, 65, '411', 'JUANA ANGELICA', 'DE LUNA', 'MORENO', '', '', 'LUIS DONALDO COLOSIO', '', '4493346408', '1', '4', 90, 2, '', 81, '2019-04-05'),
(164, 79, 70, 65, '412', 'J SANTOS', 'DE LUNA', 'ALVARADO', '', '', 'TEPETATES', '', '4491577103', '1', '4', 90, 2, '', 81, '2019-04-05'),
(165, 79, 70, 65, '413', 'MARIA CONCEPCION', 'DE LUNA', 'ALVARADO', '', '', 'TEPETATES', '', '', '1', '4', 90, 2, '', 81, '2019-04-05'),
(166, 79, 70, 65, '414', 'BENJAMIN', 'DE LUNA', 'MARTINEZ', '', '', 'TEPETATES', '', '', '1', '4', 90, 2, '', 81, '2019-04-05'),
(167, 79, 70, 65, '415', 'JAVIER', 'DE LUNA', 'MARTINEZ', '', '', 'TEPETATES', '', '4491189637', '1', '4', 90, 2, '', 81, '2019-04-05'),
(168, 79, 70, 65, '416', 'JOAQUIN', 'DE LUNA', 'MARTINEZ', '', '', 'TEPETATES', '', '449-157-71-03', '1', '4', 90, 2, '', 81, '2019-04-05'),
(169, 79, 70, 65, '417', 'JORGE', 'DE LUNA', 'MARTINEZ', '', '', 'TEPETATES', '', '', '1', '4', 90, 2, '', 81, '2019-04-05'),
(170, 79, 70, 65, '418', 'LIDYA', 'DE LUNA', 'MARTINEZ', '', '', 'TEPETATES', '', '', '1', '4', 90, 2, '', 81, '2019-04-05'),
(171, 79, 70, 65, '419', 'MA DEL ROSARIO', 'DE LUNA', 'MARTINEZ', '', '', 'TEPETATES', '', '4491506423', '1', '4', 90, 2, '', 81, '2019-04-05'),
(172, 79, 70, 65, '420', 'MARIA DE JESUS', 'DE LUNA', 'MARTINEZ', '', '', 'TEPETATES', '', '4494060568', '1', '4', 90, 2, '', 81, '2019-04-05'),
(173, 79, 70, 65, '421', 'MOISES', 'DE LUNA', 'MARTINEZ', '', '', 'TEPETATES', '', '4491525267', '1', '4', 90, 2, '', 81, '2019-04-05'),
(174, 79, 70, 65, '422', 'J REFUGIO', 'DE LUNA', 'GONZALEZ', '', '', 'SAN MIGUELITO', '', '4492761689', '1', '4', 90, 2, '', 81, '2019-04-05'),
(175, 79, 70, 65, '423', 'JUAN ANTONIO', 'DE LUNA', 'HERNANDEZ', '', '', 'GRANJA MIRAVALLE', '', '', '1', '4', 90, 2, '', 81, '2019-04-05'),
(176, 79, 70, 65, '424', 'ALFONSO', 'DE LUNA', 'DE LUNA', '', '', 'MILPILLAS DE ABAJO', '', '', '1', '4', 90, 2, '', 81, '2019-04-05'),
(177, 79, 70, 65, '425', 'ABRAHAM', 'DE LUNA', 'MARES', '', '', 'COL EJIDAL', '', '4492637898', '1', '4', 90, 2, '', 81, '2019-04-05'),
(178, 79, 70, 65, '426', 'MARIA GUADALUPE', 'DE LUNA ', 'ESQUEDA ', '', '', 'COL PLAN BENITO JUAREZ', '', '4491565317', '1', '4', 90, 2, '', 81, '2019-04-05'),
(179, 79, 70, 65, '427', 'JUAN RAMON ', 'DE LUNA ', 'ADAME', '', '', 'MARAVILLAS', '', '4492992670', '1', '4', 90, 2, '', 81, '2019-04-05'),
(180, 79, 70, 65, '428', 'ARTEMISA', 'DELGADILLO', 'LOPEZ', '', '', 'COL LOS ARROYITOS', '', '4491284781', '1', '4', 90, 2, '', 81, '2019-04-05'),
(181, 79, 70, 65, '429', 'SALVADOR', 'DELGADO', 'ESQUIVEL', '', '', 'CENTRO', '', '4499302002', '1', '4', 90, 2, '', 81, '2019-04-05'),
(182, 79, 70, 65, '430', 'KARINA', 'DELGADO', 'DE LUNA', '', '', 'CENTRO', '', '4493995675', '1', '4', 90, 2, '', 81, '2019-04-05'),
(183, 79, 70, 65, '431', 'MARIAN', 'DELGADO', 'QUEZADA', '', '', 'CENTRO', '', '4491932216', '1', '4', 90, 2, '', 81, '2019-04-05'),
(184, 79, 70, 65, '432', 'NOEMI', 'DELGADO', 'HERRERA', '', '', 'CENTRO', '', '4491122000', '1', '4', 90, 2, '', 81, '2019-04-05'),
(185, 79, 70, 65, '433', 'BRENDA VERONICA', 'DELGADO', 'LEAL', '', '', 'PASO BLANCO', '', '4491783377', '1', '4', 90, 2, '', 81, '2019-04-05'),
(186, 79, 70, 65, '434', 'LUIS ANTONIO', 'DELGADO', 'LEAL', '', '', 'PASO BLANCO', '', '4491421153', '1', '4', 90, 2, '', 81, '2019-04-05'),
(187, 79, 70, 65, '435', 'ELVIRA', 'DELGADO', 'SERNA', '', '', 'CAÑADA DEL RODEO', '', '4492135089', '1', '4', 90, 2, '', 81, '2019-04-05'),
(188, 79, 70, 65, '436', 'JOSE DE JESUS', 'DELGADO', 'DE LUNA', '', '', 'FRACC MISION DE SANTA  MARIA', '', '4491152048', '1', '4', 90, 2, '', 81, '2019-04-05'),
(189, 79, 70, 65, '437', 'JUAN PEDRO', 'DELGADO', 'CRUZ', '', '', 'MILPILLA DE ABAJO', '', '4498041168', '1', '4', 90, 2, '', 81, '2019-04-05'),
(190, 79, 70, 65, '438', 'NORMA FABIOLA', 'DELGADO', 'RUIZ', '', '', 'MILPILLAS DE ABAJO', '', '4491900828', '1', '4', 90, 2, '', 81, '2019-04-05'),
(191, 79, 70, 65, '439', 'ROSA MARIA', 'DELGADO', 'MEDINA', '', '', 'SAN ISIDRO', '', '4494480607', '1', '4', 90, 2, '', 81, '2019-04-05'),
(192, 79, 70, 65, '440', 'NORMA PATRICIA', 'DELGADO', 'FRANCO', '', '', 'IGNACIO ZARAGOZA', '', '4491163750', '1', '4', 90, 2, '', 81, '2019-04-05'),
(193, 79, 70, 65, '441', 'MA DE LOURDES', 'DELGADO', 'JIMENEZ', '', '', 'LAS CIENEGUITAS', '', '4492612090', '1', '4', 90, 2, '', 81, '2019-04-05'),
(194, 79, 70, 65, '442', 'ANA LILIA', 'DELGADO', 'LOPEZ', '', '', 'LAS CIENEGUITAS', '', '4498073995', '1', '4', 90, 2, '', 81, '2019-04-05'),
(195, 79, 70, 65, '443', 'ANGELICA', 'DELGADO', 'LOPEZ', '', '', 'LAS CIENEGUITAS', '', '', '1', '4', 90, 2, '', 81, '2019-04-05'),
(196, 79, 70, 65, '444', 'MARIA ELENA', 'DELGADO', 'MARTINEZ', '', '', 'LAS CIENEGUITAS', '', '4492588253', '1', '4', 90, 2, '', 81, '2019-04-05'),
(197, 79, 70, 65, '445', 'MA CONCEPCION', 'DELGADO', 'MEDINA', '', '', 'LAS CIENEGUITAS', '', '4492220871', '1', '4', 90, 2, '', 81, '2019-04-05'),
(198, 79, 70, 65, '446', 'PEDRO EDGARDO', 'DELGADO', 'CARDENAS', '', '', '', '', '', '1', '4', 90, 2, '', 81, '2019-04-05'),
(199, 79, 70, 65, '447', 'MARIANO RAMON', 'DIAZ', 'FERNANDEZ', '', '', 'VALLE DE MARGARITAS', '', '4491114008', '1', '4', 90, 2, '', 81, '2019-04-05'),
(200, 79, 70, 65, '448', 'CLAUDIA', 'DIAZ', 'ROMO', '', '', 'COL EJIDAL', '', '4494010039', '1', '4', 90, 2, '', 81, '2019-04-05'),
(201, 79, 71, 65, '449', 'JORGE ARMANDO', 'DIAZ', 'GONZALEZ', '', '', '', '', '', '1', '5', 90, 2, '', 81, '2019-04-05'),
(202, 79, 71, 65, '450', 'ROSA ELENA', 'DOMINGUEZ', 'GARCIA ROJAS', '', '', 'TROJES DE SAN CRISTOBAL', '', '4491117443', '1', '5', 90, 2, '', 81, '2019-04-05'),
(203, 79, 71, 65, '451', 'SILVIA', 'DURON', 'CAÑEDO', '', '', 'SAN MIGUELITO', '', '4499809813', '1', '5', 90, 2, '', 81, '2019-04-05'),
(204, 79, 71, 65, '452', 'GLORIA', 'DURON', 'CAÑEDO', '', '', 'CENTRO ', '', '449-102-49-33', '1', '5', 90, 2, '', 81, '2019-04-05'),
(205, 79, 71, 65, '453', 'FERNANDO', 'DURON', 'MEJIA', '', '', 'PASO BLANCO', '', '449-179-18-48', '1', '5', 90, 2, '', 81, '2019-04-05'),
(206, 79, 71, 65, '454', 'DELIA', 'DURON', 'MEJIA', '', '', 'COL CENTRO', '', '', '1', '5', 90, 2, '', 81, '2019-04-05'),
(207, 79, 71, 65, '455', 'JOSE MANUEL', 'DURON', 'GUERRERO', '', '', 'CHICAHUALES I', '', '4491010690', '1', '5', 90, 2, '', 81, '2019-04-05'),
(208, 79, 71, 65, '456', 'DOMINGA', 'DURON', 'CAÑEDO', '', '', 'CENTRO', '', '4495537870', '1', '5', 90, 2, '', 81, '2019-04-05'),
(209, 79, 71, 65, '457', 'HECTOR', 'DURON', 'MACIAS', '', '', '', '', '', '1', '5', 90, 2, '', 81, '2019-04-05'),
(210, 79, 71, 65, '458', 'MONICA', 'ESPARZA', 'FLORES', '', '', 'COL CENTRO', '', '4491680932', '1', '5', 90, 2, '', 81, '2019-04-05'),
(211, 79, 71, 65, '459', 'SANDY LORENA', 'ESPARZA', 'FLORES', '', '', 'COL CENTRO', '', '4491912220', '1', '5', 90, 2, '', 81, '2019-04-05'),
(212, 79, 71, 65, '460', 'MARIA PETRA', 'ESPARZA', 'GUERRERO', '', '', 'FRACC SATURNINO HERRAN', '', '4491836006', '1', '5', 90, 2, '', 81, '2019-04-05'),
(213, 79, 71, 65, '461', 'LILIA DEL ROSARIO', 'ESPARZA', 'GUTIERREZ', '', '', 'LOS VAZQUEZ', '', '4498952477', '1', '5', 90, 2, '', 81, '2019-04-05'),
(214, 79, 71, 65, '462', 'MA DE JESUS', 'ESPARZA', 'NAVEJAS', '', '', 'GENERAL IGNACIO ZARAGOZA', '', '4491896047', '1', '5', 90, 2, '', 81, '2019-04-05'),
(215, 79, 71, 65, '463', 'ANA MARIA', 'ESPARZA', 'JIMENEZ', '', '', 'EL LLANO', '', '4491008962', '1', '5', 90, 2, '', 81, '2019-04-05'),
(216, 79, 71, 65, '464', 'ALEJANDRO', 'ESPARZA', 'JIMENEZ', '', '', 'CRUCERO GRACIAS A DIOS', '', '4491975258', '1', '5', 90, 2, '', 81, '2019-04-05'),
(217, 79, 71, 65, '465', 'CRUZ', 'ESPARZA', 'JIMENEZ', '', '', 'CRUCERO GRACIAS A DIOS', '', '4492015361', '1', '5', 90, 2, '', 81, '2019-04-05'),
(218, 79, 71, 65, '466', 'MARGARITA', 'ESPARZA', 'JIMENEZ', '', '', 'CRUCERO GRACIAS A DIOS', '', '4493635845', '1', '5', 90, 2, '', 81, '2019-04-05'),
(219, 79, 71, 65, '467', 'MANUELA ', 'ESPARZA ', 'MARTINEZ', '', '', '', '', '', '1', '5', 90, 2, '', 81, '2019-04-05'),
(220, 79, 71, 65, '468', 'ANA CRISTINA', 'ESQUEDA', 'REYES', '', '', 'CENTRO', '', '4495520059', '1', '5', 90, 2, '', 81, '2019-04-05'),
(221, 79, 71, 65, '469', 'MA RAQUEL', 'ESQUEDA', 'DE LUNA', '', '', 'MARTINEZ ANDRADE', '', 'NO TIENE', '1', '5', 90, 2, '', 81, '2019-04-05'),
(222, 79, 71, 65, '470', 'MA ESTELA', 'ESQUEDA', 'REYES', '', '', 'LA LADRILLERA', '', '4491036470', '1', '5', 90, 2, '', 81, '2019-04-05'),
(223, 79, 71, 65, '471', 'FCO JAVIER', 'ESQUIVEL', 'HERNADEZ', '', '', 'LOS ARROYITOS', '', '449-121-92-99', '1', '5', 90, 2, '', 81, '2019-04-05'),
(224, 79, 71, 65, '472', 'LUCINA', 'ESQUIVEL', 'MEJIA', '', '', 'CENTRO', '', '4491737121', '1', '5', 90, 2, '', 81, '2019-04-05'),
(225, 79, 71, 65, '473', 'ADAN GUADALUPE', 'ESQUIVEL', 'GONZALEZ', '', '', 'LOS RAMIREZ', '', '449-186-77-48', '1', '5', 90, 2, '', 81, '2019-04-05'),
(226, 79, 71, 65, '474', 'ANA MARIA', 'ESQUIVEL', 'CALZADA', '', '', 'COL CENTRO', '', '4492047180', '1', '5', 90, 2, '', 81, '2019-04-05'),
(227, 79, 71, 65, '475', 'LIDIA', 'ESQUIVEL', 'JAIME', '', '', 'SAN ANTONIO DE LOS HORCONES', '', '', '1', '5', 90, 2, '', 81, '2019-04-05'),
(228, 79, 71, 65, '476', 'ANA MARIA', 'ESQUIVEL', 'PIÑA', '', '', 'TEPETATES', '', '4492119263', '1', '5', 90, 2, '', 81, '2019-04-05'),
(229, 79, 71, 65, '477', 'MA AMPARO', 'ESQUIVEL', 'CAÑEDO', '', '', 'CENTRO', '', '4491564831', '1', '5', 90, 2, '', 81, '2019-04-05'),
(230, 79, 71, 65, '478', 'ESPERANZA', 'ESQUIVEL', 'FLORES', '', '', 'CENTRO', '', '449-263-70-03', '1', '5', 90, 2, '', 81, '2019-04-05'),
(231, 79, 71, 65, '479', 'MA GUADALUPE', 'ESQUIVEL', 'FLORES', '', '', 'CENTRO', '', '', '1', '5', 90, 2, '', 81, '2019-04-05'),
(232, 79, 71, 65, '480', 'RODOLFO', 'ESQUIVEL', 'CAÑEDO', '', '', 'LOS ARROYITOS', '', '4491020783', '1', '5', 90, 2, '', 81, '2019-04-05'),
(233, 79, 71, 65, '481', 'ANITA', 'ESQUIVEL', 'MEJIA', '', '', 'LOS ARROYITOS', '', '4493436276', '1', '5', 90, 2, '', 81, '2019-04-05'),
(234, 79, 71, 65, '482', 'MA. GUADALUPE', 'ESQUIVEL ', 'HERNANDEZ', '', '', 'LOS ARROYITOS', '', '4491087864 (ES DE SU HERMANO),', '1', '5', 90, 2, '', 81, '2019-04-05'),
(235, 79, 71, 65, '483', 'MARIA CATALINA', 'ESQUIVEL ', 'HERNANDEZ', '', '', 'EJIDAL', '', '4491087864', '1', '5', 90, 2, '', 81, '2019-04-05'),
(236, 79, 71, 65, '484', 'J JESUS', 'ESTRADA', 'DEMETRIO', '', '', 'COL EL TORITO', '', '4491528545', '1', '5', 90, 2, '', 81, '2019-04-05'),
(237, 79, 71, 65, '485', 'J REFUGIO', 'ESTRADA', 'PALOS', '', '', 'CENTRO', '', 'NO TIENE', '1', '5', 90, 2, '', 81, '2019-04-05'),
(238, 79, 71, 65, '486', 'MARTHA CLEMENTINA', 'ESTRADA', 'ONTIVEROS', '', '', 'FRACC VALLE DE MARGARITAS', '', '4494127505', '1', '5', 90, 2, '', 81, '2019-04-05'),
(239, 79, 71, 65, '487', 'BLANCA ARACELI', 'ESTRADA', 'RAMIREZ', '', '', 'COL LA LOMA', '', '4491230772', '1', '5', 90, 2, '', 81, '2019-04-05'),
(240, 79, 71, 65, '488', 'ATILANO', 'FIGUEROA', 'CAZARES', '', '', 'LOS ARROYITOS', '', '4494676611', '1', '5', 90, 2, '', 81, '2019-04-05'),
(241, 79, 71, 65, '489', 'LUZ AZUCENA', 'FIGUEROA', 'DELGADO', '', '', 'SAN ISIDRO', '', '4494480607', '1', '5', 90, 2, '', 81, '2019-04-05'),
(242, 79, 71, 65, '490', 'ANTONIO', 'FIGUEROA', 'MACIAS', '', '', 'SAN ISIDRO', '', '4951074965', '1', '5', 90, 2, '', 81, '2019-04-05'),
(243, 79, 71, 65, '491', 'MA SARA', 'FIGUEROA', 'MACIAS', '', '', 'SAN ISIDRO', '', '4491126562', '1', '5', 90, 2, '', 81, '2019-04-05'),
(244, 79, 71, 65, '492', 'SALVADOR PEDRO', 'FIGUEROA', 'MACIAS', '', '', 'SAN ISIDRO', '', '4492574308', '1', '5', 90, 2, '', 81, '2019-04-05'),
(245, 79, 71, 65, '493', 'RUT EUNICE', 'FLORES', 'SANDOVAL', '', '', 'FRACC CAMINO REAL', '', '4491700077', '1', '5', 90, 2, '', 81, '2019-04-05'),
(246, 79, 71, 65, '494', 'ELVIRA', 'FLORES', 'REYES', '', '', 'EJIDAL', '', '449-290-84-86', '1', '5', 90, 2, '', 81, '2019-04-05'),
(247, 79, 71, 65, '495', 'ROSENDA', 'FLORES', 'LOPEZ', '', '', 'COL MARTINEZ ANDRADE', '', '4492696729', '1', '5', 90, 2, '', 81, '2019-04-05'),
(248, 79, 71, 65, '496', 'LUIS ENRIQUE', 'FLORES', 'ESQUIVEL', '', '', 'CENTRO', '', '4499190178', '1', '5', 90, 2, '', 81, '2019-04-05'),
(249, 79, 71, 65, '497', 'JAZMIN SARAI', 'FLORES', 'RODRIGUEZ', '', '', 'CENTRO', '', '4491721269', '1', '5', 90, 2, '', 81, '2019-04-05'),
(250, 79, 71, 65, '498', 'LUIS FERNANDO', 'FLORES', 'RODRIGUEZ', '', '', 'COL DEPORTIVA', '', '4491125317', '1', '5', 90, 2, '', 81, '2019-04-05'),
(251, 79, 71, 65, '499', 'MARIA GUADALUPE', 'FLORES', 'ESQUIVEL', '', '', 'CENTRO', '', '4498058062', '1', '6', 90, 2, '', 81, '2019-04-05'),
(252, 79, 71, 65, '500', 'MARTHA', 'FLORES', 'ESQUIVEL', '', '', 'CENTRO', '', '4492761550', '1', '6', 90, 2, '', 81, '2019-04-05'),
(253, 79, 71, 65, '501', 'GABRIELA', 'FLORES', 'FLORES', '', '', 'ALCAZAR  ', '', '', '1', '6', 90, 2, '', 81, '2019-04-05'),
(254, 79, 71, 65, '502', 'MA DEL REFUGIO', 'FLORES', 'SALAZAR', '', '', 'CENTRO JESUS GOMEZ PORTUGAL', '', '', '1', '6', 90, 2, '', 81, '2019-04-05'),
(255, 79, 71, 65, '503', 'SANJUANA', 'FLORES', 'LOPEZ', '', '', 'ESCALERA', '', '', '1', '6', 90, 2, '', 81, '2019-04-05'),
(256, 79, 71, 65, '504', 'MA DE JESUS', 'FLORES', 'LOPEZ', '', '', 'COL ESCALERA', '', '4499072130', '1', '6', 90, 2, '', 81, '2019-04-05'),
(257, 79, 71, 65, '505', 'J JESUS', 'FLORES', 'CASILLAS', '', '', 'FRACC SOLAR DE JONACATIQUE', '', '4492764574', '1', '6', 90, 2, '', 81, '2019-04-05'),
(258, 79, 71, 65, '506', 'SERGIO AARON', 'FLORES', 'FLORES', '', '', 'COL ESCALERA', '', '4492733937', '1', '6', 90, 2, '', 81, '2019-04-05'),
(259, 79, 71, 65, '507', 'SILVIA', 'FRANCO', 'VILLALPANDO', '', '', 'GRAL IGNACIO ZARAGOZA', '', '4492659928', '1', '6', 90, 2, '', 81, '2019-04-05'),
(260, 79, 71, 65, '508', 'OSCAR', 'FRANCO', 'MEDINA', '', '', '', '', '', '1', '6', 90, 2, '', 81, '2019-04-05'),
(261, 79, 71, 65, '509', 'CELIA', 'GALLARDO', 'FABELA', '', '', 'MARAVILLAS', '', '4492128461', '1', '6', 90, 2, '', 81, '2019-04-05'),
(262, 79, 71, 65, '510', 'ANGEL', 'GALLARDO', 'TIRADO', '', '', 'CENTRO JESUS GOMEZ PORTUGAL', '', '', '1', '6', 90, 2, '', 81, '2019-04-05'),
(263, 79, 71, 65, '511', 'LUIS', 'GALLO', 'NAJERA', '', '', 'AGUA CLARA', '', '4499200651', '1', '6', 90, 2, '', 81, '2019-04-05'),
(264, 79, 71, 65, '512', 'VICENTE', 'GARCIA', 'CENTENO', '', '', 'CENTRO', '', '', '1', '6', 90, 2, '', 81, '2019-04-05'),
(265, 79, 71, 65, '513', 'GERARDO', 'GARCIA', 'SANDOVAL', '', '', 'CENTRO', '', '4492080848', '1', '6', 90, 2, '', 81, '2019-04-05'),
(266, 79, 71, 65, '514', 'JAIME', 'GARCIA', 'SANDOVAL', '', '', 'CENTRO', '', '', '1', '6', 90, 2, '', 81, '2019-04-05'),
(267, 79, 71, 65, '515', 'JORGE ALEJANDRO', 'GARCIA', 'SANDOVAL', '', '', 'CENTRO', '', '', '1', '6', 90, 2, '', 81, '2019-04-05'),
(268, 79, 71, 65, '516', 'LUIS HUMBERTO', 'GARCIA', 'SANDOVAL', '', '', 'CENTRO', '', '4491566978', '1', '6', 90, 2, '', 81, '2019-04-05'),
(269, 79, 71, 65, '517', 'MARTHA LILIA', 'GARCIA', 'SANDOVAL', '', '', 'FLORES MAGON', '', '', '1', '6', 90, 2, '', 81, '2019-04-05'),
(270, 79, 71, 65, '518', 'GLORIA LETICIA', 'GARCIA', 'SANDOVAL', '', '', 'GREGORIO ZAMARRIPA DELGADO', '', '4491209045', '1', '6', 90, 2, '', 81, '2019-04-05'),
(271, 79, 71, 65, '519', 'JULIO CESAR', 'GARCIA', 'SANDOVAL', '', '', 'LOMA ALTA', '', '4491141231', '1', '6', 90, 2, '', 81, '2019-04-05'),
(272, 79, 71, 65, '520', 'MARIA GABRIELA', 'GARCIA', 'SANDOVAL', '', '', 'CHICAHUALES I', '', '4491147869', '1', '6', 90, 2, '', 81, '2019-04-05'),
(273, 79, 71, 65, '521', 'VICENTE', 'GARCIA', 'SANDOVAL', '', '', 'COL GREGORIO ZAMARRIPA DELGADO', '', '4488983913', '1', '6', 90, 2, '', 81, '2019-04-05'),
(274, 79, 71, 65, '522', 'OSCAR DAVID', 'GARCIA', 'SUAREZ', '', '', 'COL GREGORIO ZAMARRIPA DELGADO', '', '4493463768', '1', '6', 90, 2, '', 81, '2019-04-05'),
(275, 79, 71, 65, '523', 'MARIA DEL ROSARIO', 'GARCIA', 'SANDOVAL', '', '', 'ESCALERA', '', '', '1', '6', 90, 2, '', 81, '2019-04-05'),
(276, 79, 71, 65, '524', 'ANA ELIZABETH', 'GARCIA', 'ESTRADA', '', '', 'LOS VAZQUEZ', '', '4499072895', '1', '6', 90, 2, '', 81, '2019-04-05'),
(277, 79, 71, 65, '525', 'JOSE CESAR', 'GARCIA', 'ESTRADA', '', '', 'JESUS GOMEZ PORTUGAL', '', '4498043977', '1', '6', 90, 2, '', 81, '2019-04-05'),
(278, 79, 71, 65, '526', 'JUAN ARMANDO', 'GARCIA', 'ESTRADA', '', '', 'SATURNINO HERRAN', '', '4491646241', '1', '6', 90, 2, '', 81, '2019-04-05'),
(279, 79, 71, 65, '527', 'MARIA GUADALUPE', 'GARCIA', 'ESTRADA', '', '', 'PASEOS GOMEZ PORTUGAL', '', '4492122608', '1', '6', 90, 2, '', 81, '2019-04-05'),
(280, 79, 71, 65, '528', 'MARIA EL ROCIO', 'GARCIA', 'ESTRADA', '', '', 'VALLE DE MARGARITAS', '', '4492797870', '1', '6', 90, 2, '', 81, '2019-04-05'),
(281, 79, 71, 65, '529', 'ALFREDO', 'GARCIA', 'SANDOVAL', '', '', 'LOMA ALTA', '', '4492309615', '1', '6', 90, 2, '', 81, '2019-04-05'),
(282, 79, 71, 65, '530', 'ANTONIO', 'GARCIA', 'ESQUIVEL', '', '', 'COL EJIDAL', '', '4492244357', '1', '6', 90, 2, '', 81, '2019-04-05'),
(283, 79, 71, 65, '531', 'MA ALEJANDRA', 'GARCIA', 'RUBIO', '', '', 'LOMAS DE JESUS MARIA', '', '4491116877', '1', '6', 90, 2, '', 81, '2019-04-05'),
(284, 79, 71, 65, '532', 'TULIA', 'GARCIA', 'MAYA', '', '', 'CENTRO', '', '449-257-83-18', '1', '6', 90, 2, '', 81, '2019-04-05'),
(285, 79, 71, 65, '533', 'YADIRA', 'GARCIA', 'ORTEGA', '', '', 'COL EL TORITO', '', '4491082052', '1', '6', 90, 2, '', 81, '2019-04-05'),
(286, 79, 71, 65, '534', 'ADALBERTO', 'GARCIA', 'FIGUEROA', '', '', 'GRANJA MIRAVALLE', '', '4499501025', '1', '6', 90, 2, '', 81, '2019-04-05'),
(287, 79, 71, 65, '535', 'ANA MARIA', 'GARCIA', 'JUAREZ', '', '', 'FRACC CHICAHUALES I', '', '4499280114', '1', '6', 90, 2, '', 81, '2019-04-05'),
(288, 79, 71, 65, '536', 'GLORIA', 'GARCIA', 'JUAREZ', '', '', 'FRACC CHICAHUALES I', '', '4498970330', '1', '6', 90, 2, '', 81, '2019-04-05'),
(289, 79, 71, 65, '537', 'MARIA CRISTINA', 'GARCIA', 'JUAREZ', '', '', 'FRACC CHICAHUALES II', '', '4651040017', '1', '6', 90, 2, '', 81, '2019-04-05'),
(290, 79, 71, 65, '538', 'MARIA DE LOURDES', 'GARCIA', 'SUAREZ', '', '', 'COL CENTRO', '', '', '1', '6', 90, 2, '', 81, '2019-04-05'),
(291, 79, 71, 65, '539', 'TOMASA', 'GARCIA', 'JUAREZ', '', '', 'COL MARTINEZ ANDRADE', '', '4492879377', '1', '6', 90, 2, '', 81, '2019-04-05'),
(292, 79, 71, 65, '540', 'ROSA ISELA', 'GARCIA', 'ESQUIVEL', '', '', 'LOS ARROYITOS', '', '4491577401', '1', '6', 90, 2, '', 81, '2019-04-05'),
(293, 79, 71, 65, '541', 'SAN JUANA', 'GARCIA', 'REYES', '', '', 'PLAN BENITO JUAREZ', '', '', '1', '6', 90, 2, '', 81, '2019-04-05'),
(294, 79, 71, 65, '542', 'JOSE GUADALUPE', 'GARCIA', 'ESPARZA', '', '', 'CENTRO', '', '449-187-34-33', '1', '6', 90, 2, '', 81, '2019-04-05'),
(295, 79, 71, 65, '543', 'LUCINA', 'GARCIA', 'FLORES', '', '', 'PASEOS GOMEZ PORTUGAL', '', '4491722579', '1', '6', 90, 2, '', 81, '2019-04-05'),
(296, 79, 71, 65, '544', 'MA GUADALUPE', 'GARCIA', 'RAMIREZ', '', '', 'LA TOMATINA', '', '4492453817', '1', '6', 90, 2, '', 81, '2019-04-05'),
(297, 79, 71, 65, '545', 'JOSE GUADALUPE', 'GARCIA', 'RODRIGUEZ', '', '', '', '', '', '1', '6', 90, 2, '', 81, '2019-04-05'),
(298, 79, 71, 65, '546', 'MARIA OFELIA', 'GARCIA ROJAS', 'Y LOPEZ', '', '', 'TROJES DE SAN CRISTOBAL', '', '4499030559', '1', '6', 90, 2, '', 81, '2019-04-05'),
(299, 79, 71, 65, '547', 'HORACIO ULISES', 'GARZA', 'GARCIA', '', '', 'VALLE DE MARGARITAS', '', '4491000085', '1', '6', 90, 2, '', 81, '2019-04-05'),
(300, 79, 71, 65, '548', 'PERLA REBECA', 'GARZA', 'NAVA', '', '', 'EL CALVARIO', '', '4493620554', '1', '6', 90, 2, '', 81, '2019-04-05'),
(301, 79, 72, 65, '549', 'MARTINA', 'GARZA', 'MARTINEZ', '', '', 'MARTINEZ ANDRADE', '', '4491117996', '1', '7', 90, 2, '', 81, '2019-04-05'),
(302, 79, 72, 65, '550', 'ADRIANA', 'GAYTAN', 'DIAZ DE LEON', '', '', 'CHICAHUALES 1', '', '4499308112', '1', '7', 90, 2, '', 81, '2019-04-05'),
(303, 79, 72, 65, '551', 'PABLO', 'GIACINTI', 'OLAVARRIETA', '', '', '', '', '', '1', '7', 90, 2, '', 81, '2019-04-05'),
(304, 79, 72, 65, '552', 'MARCELA', 'GODOY', 'LOPEZ', '', '', 'FRACC RUISEÑORES', '', '4493450903', '1', '7', 90, 2, '', 81, '2019-04-05'),
(305, 79, 72, 65, '553', 'ALEJANDRO', 'GOMEZ', 'MUÑOZ', '', '', 'FRACC VALLE DE MARGARITAS', '', '4495545180', '1', '7', 90, 2, '', 81, '2019-04-05'),
(306, 79, 72, 65, '554', 'MARITZA GUADALUPE', 'GOMEZ', 'CASTRO', '', '', 'SAN ANTONIO DE LOS HORCONES', '', '4491412355', '1', '7', 90, 2, '', 81, '2019-04-05'),
(307, 79, 72, 65, '555', 'YOLANDA', 'GOMEZ', 'PONCE', '', '', 'SAN ANTONIO DE LOS HORCONES', '', '449-278-00-25', '1', '7', 90, 2, '', 81, '2019-04-05'),
(308, 79, 72, 65, '556', 'EDUARDO', 'GOMEZ', 'GOMEZ', '', '', '', '', '4491470399', '1', '7', 90, 2, '', 81, '2019-04-05'),
(309, 79, 72, 65, '557', 'AVELINA', 'GOMEZ', 'GOMEZ', '', '', 'SAN ANTONIO DE LOS HORCONES', '', '449-890-03-94', '1', '7', 90, 2, '', 81, '2019-04-05'),
(310, 79, 72, 65, '558', 'ONEIDA KARENIA', 'GOMEZ', 'DELGADO', '', '', 'GENERAL IGNACIO ZARAGOZA', '', '4491107980', '1', '7', 90, 2, '', 81, '2019-04-05'),
(311, 79, 72, 65, '559', 'VELIA', 'GOMEZ', 'FRAUSTO', '', '', 'GENERAL IGNACIO ZARAGOZA', '', 'NO TIENE', '1', '7', 90, 2, '', 81, '2019-04-05'),
(312, 79, 72, 65, '560', 'MARTIN', 'GOMEZ', 'GOMEZ', '', '', 'SAN ANTONIO DE LOS HORCONES', '', '4491803467', '1', '7', 90, 2, '', 81, '2019-04-05'),
(313, 79, 72, 65, '561', 'MA TERESA', 'GOMEZ', 'PEREZ', '', '', 'TAPIAS VIEJAS', '', 'NO TIENE', '1', '7', 90, 2, '', 81, '2019-04-05'),
(314, 79, 72, 65, '562', 'ALEJANDRO', 'GOMEZ', 'RAMIREZ', '', '', 'TAPIAS VIEJAS', '', '4491247044', '1', '7', 90, 2, '', 81, '2019-04-05'),
(315, 79, 72, 65, '563', 'ANTONIO', 'GOMEZ', 'RAMIREZ', '', '', 'TAPIAS VIEJAS', '', '4951017717', '1', '7', 90, 2, '', 81, '2019-04-05'),
(316, 79, 72, 65, '564', 'MA GUADALUPE', 'GOMEZ', 'RAMIREZ', '', '', 'TAPIAS VIEJAS', '', '4491247044', '1', '7', 90, 2, '', 81, '2019-04-05'),
(317, 79, 72, 65, '565', 'JOSEFINA', 'GOMEZ ', 'FRAUSTO', '', '', 'GENERAL IGNACIO ZARAGOZA', '', '4499114781', '1', '7', 90, 2, '', 81, '2019-04-05'),
(318, 79, 72, 65, '566', 'MA DE JESUS', 'GONZALEZ', 'DIAZ', '', '', 'SOLIDARIDAD', '', '4491568007', '1', '7', 90, 2, '', 81, '2019-04-05'),
(319, 79, 72, 65, '567', 'MARIA MARGARITA', 'GONZALEZ', 'ROSALES', '', '', 'TEPETATES', '', '4492620635', '1', '7', 90, 2, '', 81, '2019-04-05'),
(320, 79, 72, 65, '568', 'ESTHER', 'GONZALEZ', 'LARA', '', '', 'FRACC PASEOS DE AGUASCALIENTES', '', '4494949615', '1', '7', 90, 2, '', 81, '2019-04-05'),
(321, 79, 72, 65, '569', 'MARIA ESTELA', 'GONZALEZ', 'LOPEZ', '', '', 'CENTRO', '', '4495529354', '1', '7', 90, 2, '', 81, '2019-04-05'),
(322, 79, 72, 65, '570', 'LUIS', 'GONZALEZ', 'RODRIGUEZ', '', '', 'CENTRO', '', '4492208565', '1', '7', 90, 2, '', 81, '2019-04-05'),
(323, 79, 72, 65, '571', 'MIRYAM', 'GONZALEZ', 'PARRA', '', '', 'FRACC PASEOS DE AGUASCALIENTES', '', '449-911-59-34', '1', '7', 90, 2, '', 81, '2019-04-05'),
(324, 79, 72, 65, '572', 'PABLO', 'GONZALEZ', 'DURAN', '', '', 'QUINTA LA CHIQUIS', '', '4499145363', '1', '7', 90, 2, '', 81, '2019-04-05'),
(325, 79, 72, 65, '573', 'LUIS ANTONIO', 'GONZALEZ', 'JASSO', '', '', '', '', '', '1', '7', 90, 2, '', 81, '2019-04-05'),
(326, 79, 72, 65, '574', 'NANCY', 'GONZALEZ', 'ULLOA', '', '', 'TROJES DE SAN CRISTOBAL', '', '4494486406', '1', '7', 90, 2, '', 81, '2019-04-05'),
(327, 79, 72, 65, '575', 'JUAN JOSE', 'GONZALEZ', 'GUEVARA', '', '', 'COL LOS ARROYITOS', '', '4494482748', '1', '7', 90, 2, '', 81, '2019-04-05'),
(328, 79, 72, 65, '576', 'MA DE JESUS', 'GONZALEZ', 'CARDONA', '', '', 'MILPILLAS DE ABAJO', '', '4491127777', '1', '7', 90, 2, '', 81, '2019-04-05'),
(329, 79, 72, 65, '577', 'JUAN ROBERTO', 'GONZALEZ', 'MARTINEZ', '', '', 'IGNACIO ZARAGOZA VENADERO', '', '4492279927', '1', '7', 90, 2, '', 81, '2019-04-05'),
(330, 79, 72, 65, '578', 'MARGARITA ISABEL', 'GONZALEZ', 'MARTINEZ', '', '', 'GRAL IGNACIO ZARAGOZA', '', '4493494188', '1', '7', 90, 2, '', 81, '2019-04-05'),
(331, 79, 72, 65, '579', 'LETICIA', 'GONZALEZ', 'DIAZ', '', '', '', '', '', '1', '7', 90, 2, '', 81, '2019-04-05'),
(332, 79, 72, 65, '580', 'ALBERTO ISAAC', 'GONZALEZ', 'SILVESTRE', '', '', '', '', '', '1', '7', 90, 2, '', 81, '2019-04-05'),
(333, 79, 72, 65, '581', 'RAFAEL', 'GONZALEZ ', 'RODRIGUEZ', '', '', 'FRACC CHICAHUALES I', '', '4491114763', '1', '7', 90, 2, '', 81, '2019-04-05'),
(334, 79, 72, 65, '582', 'ANA MARIA', 'GUERRA', 'SANCHEZ', '', '', 'LAS JAULAS', '', '4492129314', '1', '7', 90, 2, '', 81, '2019-04-05'),
(335, 79, 72, 65, '583', 'LUIS FERNANDO', 'GUERRERO', 'GALLEGOS', '', '', 'CENTRO', '', '4498979662', '1', '7', 90, 2, '', 81, '2019-04-05'),
(336, 79, 72, 65, '584', 'J REFUGIO', 'GUERRERO', 'GALLO', '', '', 'SAN ANTONIO DE LOS HORCONES', '', 'NO TIENE', '1', '7', 90, 2, '', 81, '2019-04-05'),
(337, 79, 72, 65, '585', 'JUAN RAMON', 'GUERRERO', 'AVILA', '', '', 'SAN ANTONIO DE LOS HORCONES', '', '4493654683', '1', '7', 90, 2, '', 81, '2019-04-05'),
(338, 79, 72, 65, '586', 'ALFREDO', 'GUEVARA', 'HERNANDEZ', '', '', 'EL TORITO', '', '449-898-09-25', '1', '7', 90, 2, '', 81, '2019-04-05'),
(339, 79, 72, 65, '587', 'ALFREDO', 'GUEVARA', 'FLORES', '', '', 'CENTRO', '', '449-142-46-67', '1', '7', 90, 2, '', 81, '2019-04-05'),
(340, 79, 72, 65, '588', 'JOSE ALEJANDRO', 'GUILLEN', 'LOZANO', '', '', 'LOS SAUCES', '', '4492583615', '1', '7', 90, 2, '', 81, '2019-04-05'),
(341, 79, 72, 65, '589', 'YOSEF GUADALUPE', 'GUIRAO', 'VEGA', '', '', '', '', '', '1', '7', 90, 2, '', 81, '2019-04-05'),
(342, 79, 72, 65, '590', 'JOSE GUADALUPE', 'GUIZAR', 'DE LUNA', '', '', 'COL CENTRO', '', '4492607811', '1', '7', 90, 2, '', 81, '2019-04-05'),
(343, 79, 72, 65, '591', 'J MERCED', 'GUTIERREZ', 'MARTINEZ', '', '', 'CENTRO', '', '4491958812', '1', '7', 90, 2, '', 81, '2019-04-05'),
(344, 79, 72, 65, '592', 'YOSELIN DE JESUS', 'GUTIERREZ', 'CASTRO', '', '', 'LA TROJE', '', '4494156689', '1', '7', 90, 2, '', 81, '2019-04-05'),
(345, 79, 72, 65, '593', 'MARTHA VERONICA', 'GUTIERREZ', 'MARQUEZ', '', '', 'FRACC ARBOLEDAS', '', '4492126758', '1', '7', 90, 2, '', 81, '2019-04-05'),
(346, 79, 72, 65, '594', 'MIGUEL', 'GUTIERREZ', 'MEZA', '', '', 'SAN ANTONIO DE LOS HORCONES', '', '449-347-30-81', '1', '7', 90, 2, '', 81, '2019-04-05'),
(347, 79, 72, 65, '595', 'NORMA EDITH', 'GUTIERREZ', 'CASTRO', '', '', 'LOS ARROYITOS', '', '4491267372', '1', '7', 90, 2, '', 81, '2019-04-05'),
(348, 79, 72, 65, '596', 'MIGUEL ANGEL', 'GUTIERREZ', 'DELGADO', '', '', 'LA TOMATINA', '', '4494131148', '1', '7', 90, 2, '', 81, '2019-04-05'),
(349, 79, 72, 65, '597', 'MARCO ANTONIO', 'GUTIERREZ', 'PERUCHO', '', '', 'TRES ARROYOS', '', '4491068086', '1', '7', 90, 2, '', 81, '2019-04-05'),
(350, 79, 72, 65, '598', 'FELIPE DE JESUS', 'GUTIERREZ', 'LOPEZ', '', '', 'TAPIAS VIEJAS', '', '4951019645', '1', '7', 90, 2, '', 81, '2019-04-05'),
(351, 79, 72, 66, '599', 'JORGE HUMBERTO', 'GUTIERREZ', 'LOPEZ', '', '', 'TAPIAS VIEJAS', '', '4951034098', '1', '7', 90, 2, '', 81, '2019-04-05'),
(352, 79, 72, 66, '600', 'LILIANA GUADALUPE', 'GUTIERREZ', 'LOPEZ', '', '', 'TAPIAS VIEJAS', '', '4491985218', '1', '7', 90, 2, '', 81, '2019-04-05'),
(353, 79, 72, 66, '601', 'J JESUS', 'GUTIERREZ', 'LUEVANO', '', '', 'TAPIAS VIEJAS', '', '4951019645', '1', '7', 90, 2, '', 81, '2019-04-05');
INSERT INTO `jugadores` (`id`, `id_usuario`, `id_seccional`, `id_zonal`, `identificador`, `nombre`, `a_paterno`, `a_materno`, `calle`, `numero`, `colonia`, `c_p`, `telefono`, `seccion`, `casilla`, `posibilidad`, `a_quien`, `edad`, `id_capturista`, `fecha_captura`) VALUES
(354, 79, 72, 66, '602', 'MARTHA IMELDA', 'GUTIERREZ', 'DELGADO', '', '', 'LAS CIENEGUITAS', '', '4492636447', '1', '7', 90, 2, '', 81, '2019-04-05'),
(355, 79, 72, 66, '603', 'ROSALBA', 'GUTIERREZ', 'DELGADO', '', '', 'LAS CIENEGUITAS', '', '4491015301', '1', '7', 90, 2, '', 81, '2019-04-05'),
(356, 79, 72, 66, '604', 'ERNESTO', 'GUTIERREZ', 'IBARRA', '', '', '', '', '', '1', '7', 90, 2, '', 81, '2019-04-05'),
(357, 79, 72, 66, '605', 'JORGE', 'GUTIERREZ', 'JIMENEZ', '', '', '', '', '', '1', '7', 90, 2, '', 81, '2019-04-05'),
(358, 79, 72, 66, '606', 'RAUL', 'GUTIERREZ', 'PERUCHO', '', '', '', '', '', '1', '7', 90, 2, '', 81, '2019-04-05'),
(359, 79, 72, 66, '607', 'RAFAEL', 'GUZMAN', 'CARDENAS', '', '', 'FRACC RUISEÑORES', '', '4492613133', '1', '7', 90, 2, '', 81, '2019-04-05'),
(360, 79, 72, 66, '608', 'NESTOR DANIEL', 'HERNANDEZ', 'TISCAREÑO', '', '', 'CHICAHUALES I', '', '4491147869', '1', '7', 90, 2, '', 81, '2019-04-05'),
(361, 79, 72, 66, '609', 'ALEJANDRA', 'HERNANDEZ', 'LIRA', '', '', 'FRACC RINCONADA', '', '4494141463', '1', '7', 90, 2, '', 81, '2019-04-05'),
(362, 79, 72, 66, '610', 'ARCELIA', 'HERNANDEZ', 'LIRA', '', '', 'COND RUISEÑORES', '', '4491786178', '1', '7', 90, 2, '', 81, '2019-04-05'),
(363, 79, 72, 66, '611', 'YOLANDA', 'HERNANDEZ', 'MARTINEZ', '', '', 'OJOS DE AGUA', '', '4492630649', '1', '7', 90, 2, '', 81, '2019-04-05'),
(364, 79, 72, 66, '612', 'JOSE LUIS', 'HERNANDEZ', 'ATILANO', '', '', 'VALLE DE MARGARITAS', '', '4491047980', '1', '7', 90, 2, '', 81, '2019-04-05'),
(365, 79, 72, 66, '613', 'MA DEL SOCORRO', 'HERNANDEZ', 'LARA', '', '', 'LOS VAZQUEZ', '', 'NO TIENE', '1', '7', 90, 2, '', 81, '2019-04-05'),
(366, 79, 72, 66, '614', 'ALEJANDRA EDITH', 'HERNANDEZ', 'OLVERA', '', '', 'CHICAHUALES I', '', '4493406649', '1', '7', 90, 2, '', 81, '2019-04-05'),
(367, 79, 72, 66, '615', 'ISIDRO', 'HERNANDEZ', 'RUBALCAVA', '', '', 'BROWNSVILLE', '', '4492552060', '1', '7', 90, 2, '', 81, '2019-04-05'),
(368, 79, 72, 66, '616', 'MARIA ISABEL', 'HERNANDEZ', 'NORIEGA', '', '', 'COL CENTRO', '', '4494134078', '1', '7', 90, 2, '', 81, '2019-04-05'),
(369, 79, 72, 66, '617', 'LAURA ELENA', 'HERNANDEZ', 'LIRA', '', '', 'FRACC ARBOLEDAS PASO BLANCO', '', '449-119-06-70', '1', '7', 90, 2, '', 81, '2019-04-05'),
(370, 79, 72, 66, '618', 'JUAN MANUEL', 'HERNANDEZ', 'GOMEZ', '', '', 'COL MARTINEZ ANDRADE', '', 'NO TIENE', '1', '7', 90, 2, '', 81, '2019-04-05'),
(371, 79, 72, 66, '619', 'MARIA ANTONIA', 'HERNANDEZ', 'LARA', '', '', 'PASO BLANCO', '', '449-118-08-85', '1', '7', 90, 2, '', 81, '2019-04-05'),
(372, 79, 72, 66, '620', 'JUAN', 'HERNANDEZ', 'LOZANO', '', '', 'EL LLANO', '', '4491072155', '1', '7', 90, 2, '', 81, '2019-04-05'),
(373, 79, 72, 66, '621', 'ARTURO', 'HERNANDEZ', 'DE LUNA', '', '', 'SOLIDARIDAD', '', '', '1', '7', 90, 2, '', 81, '2019-04-05'),
(374, 79, 72, 66, '622', 'CAROLINA', 'HERNANDEZ', 'VILLEGAS', '', '', 'LOS ARROYITOS', '', '449-413-62-26', '1', '7', 90, 2, '', 81, '2019-04-05'),
(375, 79, 72, 66, '623', 'MARIA ISABEL', 'HERNANDEZ', 'GARCIA', '', '', 'LA TOMATINA', '', '4491706270', '1', '7', 90, 2, '', 81, '2019-04-05'),
(376, 79, 72, 66, '624', 'ROSALBA', 'HERNANDEZ', 'MARTINEZ', '', '', 'CHICAHUALES II', '', '4492581179', '1', '7', 90, 2, '', 81, '2019-04-05'),
(377, 79, 72, 66, '625', 'ANTONIA ANGELICA', 'HERNANDEZ', 'ORENDAY', '', '', '', '', '', '1', '7', 90, 2, '', 81, '2019-04-05'),
(378, 79, 72, 66, '626', 'JOSE DE JESUS', 'HERRADA', 'DE LUNA', '', '', 'PASEOS GOMEZ PORTUGAL', '', '', '1', '7', 90, 2, '', 81, '2019-04-05'),
(379, 79, 72, 66, '627', 'MARIA MAGDALENA', 'HERRERA', 'TOVAR', '', '', 'FRACC SOLIDARIDAD', '', '4491151609', '1', '7', 90, 2, '', 81, '2019-04-05'),
(380, 79, 72, 66, '628', 'JESUS', 'HERRERA', 'DELGADO', '', '', 'CENTRO', '', '4499809175', '1', '7', 90, 2, '', 81, '2019-04-05'),
(381, 79, 72, 66, '629', 'MA DE LOURDES', 'HERRERA', 'DELGADO', '', '', 'CENTRO', '', '4499604324', '1', '7', 90, 2, '', 81, '2019-04-05'),
(382, 79, 72, 66, '630', 'ROBERTO', 'HERRERA', 'VALDEZ', '', '', 'CENTRO', '', '4491122000', '1', '7', 90, 2, '', 81, '2019-04-05'),
(383, 79, 72, 66, '631', 'AMANDA MIROSLAVA', 'HERRERA', 'DE LUNA', '', '', 'COL CENTRO', '', '4492237399', '1', '7', 90, 2, '', 81, '2019-04-05'),
(384, 79, 72, 66, '632', 'MARIA CANDELARIA', 'HERRERA', 'GAMAS', '', '', 'FRACC LOMAS DE JESUS MARIA', '', '', '1', '7', 90, 2, '', 81, '2019-04-05'),
(385, 79, 72, 66, '633', 'ALICIA', 'HERRERA', 'ROMO', '', '', 'RANCHO SECO', '', '4491887445', '1', '7', 90, 2, '', 81, '2019-04-05'),
(386, 79, 72, 66, '634', 'PORFIRIO', 'HERRERA', 'LOPEZ', '', '', 'CENTRO', '', '', '1', '7', 90, 2, '', 81, '2019-04-05'),
(387, 79, 72, 66, '635', 'MARIA ELENA', 'HERRERA', 'ROMO', '', '', 'CENTRO', '', '4491696722', '1', '7', 90, 2, '', 81, '2019-04-05'),
(388, 79, 72, 66, '636', 'ANTONIO', 'HUERTA', 'MEDINA', '', '', 'SAN ANTONIO DE LOS HORCONES', '', '4491076615', '1', '7', 90, 2, '', 81, '2019-04-05'),
(389, 79, 72, 66, '637', 'MARIA DE LOURDES', 'HUERTA', 'ALONSO', '', '', 'COND LA ARBORADA', '', '4491962963', '1', '7', 90, 2, '', 81, '2019-04-05'),
(390, 79, 72, 66, '638', 'SILVIA VIRIDIANA', 'HUERTA', 'FRANCO', '', '', 'TAPIAS VIEJAS', '', '4492434965', '1', '7', 90, 2, '', 81, '2019-04-05'),
(391, 79, 72, 66, '639', 'JOSE LUIS', 'HUERTA', 'ALBA', '', '', 'GRAL IGNACIO ZARAGOZA', '', '4498986410', '1', '7', 90, 2, '', 81, '2019-04-05'),
(392, 79, 72, 66, '640', 'JOSE LUIS', 'HUERTA', 'FRANCO', '', '', 'GRAL IGNACIO ZARAGOZA', '', '', '1', '7', 90, 2, '', 81, '2019-04-05'),
(393, 79, 72, 66, '641', 'DIEGO HUMBERTO', 'HUERTA', 'FRANCO', '', '', '', '', '', '1', '7', 90, 2, '', 81, '2019-04-05'),
(394, 79, 72, 66, '642', 'JUAN GABRIEL', 'IBARRA', 'HERNANDEZ', '', '', 'LOMAS DEL VALLE', '', '4492038828', '1', '7', 90, 2, '', 81, '2019-04-05'),
(395, 79, 72, 66, '643', 'ADRIANA YESSICA', 'JAIME', 'VAZQUEZ', '', '', 'CENTRO', '', '', '1', '7', 90, 2, '', 81, '2019-04-05'),
(396, 79, 72, 66, '644', 'ISAAC DAVID', 'JAIME', 'VAZQUEZ', '', '', 'FRACC LA TROJE', '', '4492669837', '1', '7', 90, 2, '', 81, '2019-04-05'),
(397, 79, 72, 66, '645', 'JUAN LUIS', 'JAIME', 'VAZQUEZ', '', '', 'SOLAR DE JONACATIQUE', '', '4492765564', '1', '7', 90, 2, '', 81, '2019-04-05'),
(398, 79, 72, 66, '646', 'JAIME ERNESTO', 'JAIME', 'RODRIGUEZ', '', '', 'CENTRO', '', '4492584689', '1', '7', 90, 2, '', 81, '2019-04-05'),
(399, 79, 72, 66, '647', 'ENRIQUE FABIAN', 'JAIME', 'VAZQUEZ', '', '', 'CENTRO', '', '', '1', '7', 90, 2, '', 81, '2019-04-05'),
(400, 79, 72, 66, '648', 'ERIK', 'JAIME', 'VAZQUEZ', '', '', 'CENTRO', '', '4499060096', '1', '8', 90, 2, '', 81, '2019-04-05'),
(401, 79, 72, 66, '649', 'HUGO', 'JAIME', 'GARCIA', '', '', 'COLONIA NUEVA', '', '4402042517', '1', '8', 90, 2, '', 81, '2019-04-05'),
(402, 79, 72, 66, '650', 'JUAN', 'JAIME', 'GALLEGOS', '', '', 'CENTRO', '', '4491520703', '1', '8', 90, 2, '', 81, '2019-04-05'),
(403, 79, 72, 66, '651', 'JUAN ANTONIO', 'JAIME', 'GALLEGOS', '', '', 'EJIDAL', '', '4493994949', '1', '8', 90, 2, '', 81, '2019-04-05'),
(404, 79, 72, 66, '652', 'MA LIDIA', 'JAIME', 'GALLEGOS', '', '', 'EJIDAL', '', '', '1', '8', 90, 2, '', 81, '2019-04-05'),
(405, 79, 72, 66, '653', 'KAROL GIOVANI', 'JAIME', 'VAZQUEZ', '', '', 'CENTRO', '', '4492227893', '1', '8', 90, 2, '', 81, '2019-04-05'),
(406, 79, 72, 66, '654', 'MAYRA JEANNETE', 'JAIME', 'VAZQUEZ', '', '', 'CENTRO', '', '4494608876', '1', '8', 90, 2, '', 81, '2019-04-05'),
(407, 79, 72, 66, '655', 'ADOLFO', 'JAIME', 'GARCIA', '', '', 'LOS ARROYITOS', '', '449-106-11-05', '1', '8', 90, 2, '', 81, '2019-04-05'),
(408, 79, 72, 66, '656', 'GERARDO', 'JAIME ', 'RUIZ ESPARZA ', '', '', 'EL MAGUEY', '', '4491149651', '1', '8', 90, 2, '', 81, '2019-04-05'),
(409, 79, 72, 66, '657', 'ADRIANA', 'JIMENEZ', 'AZPEITIA', '', '', 'LA TOMATINA', '', '4494131146', '1', '8', 90, 2, '', 81, '2019-04-05'),
(410, 79, 72, 66, '658', 'MARIA ROSAURA', 'JIMENEZ', 'HERNANDEZ', '', '', 'TEPETATES', '', '4492441562', '1', '8', 90, 2, '', 81, '2019-04-05'),
(411, 79, 72, 66, '659', 'ADELA RUBI', 'JIMENEZ', 'GONZALEZ', '', '', 'TAPIAS VIEJAS', '', '4494949579', '1', '8', 90, 2, '', 81, '2019-04-05'),
(412, 79, 72, 66, '660', 'MA ISABEL', 'JIMENEZ', 'PEREZ', '', '', 'TAPIAS VIEJAS', '', '4492286817', '1', '8', 90, 2, '', 81, '2019-04-05'),
(413, 79, 72, 66, '661', 'TERESA DE JESUS', 'JIMENEZ', 'PEREZ', '', '', 'TAPIAS VIEJAS', '', '4491071990', '1', '8', 90, 2, '', 81, '2019-04-05'),
(414, 79, 72, 66, '662', 'ARTEMIZA', 'JIMENEZ', 'RAMIREZ', '', '', 'CRUCERO GRACIAS A DIOS', '', '4498977845', '1', '8', 90, 2, '', 81, '2019-04-05'),
(415, 79, 72, 66, '663', 'NELIDA FERNANDA', 'JUAREZ', 'CASTRO', '', '', 'JESUS GOMEZ PORTUGAL', '', '4495480381', '1', '8', 90, 2, '', 81, '2019-04-05'),
(416, 79, 72, 66, '664', 'MA CONSUELO', 'JUAREZ', 'IBARRA', '', '', 'PASO BLANCO', '', '449-198-52-09', '1', '8', 90, 2, '', 81, '2019-04-05'),
(417, 79, 72, 66, '665', 'ALFONSO ALEJANDRO', 'JURADO', 'AVILA', '', '', 'FRACC RDCIAL VILLA CAMPESTRE', '', '4491411423', '1', '8', 90, 2, '', 81, '2019-04-05'),
(418, 79, 72, 66, '666', 'MA DEL REFUGIO', 'LANDEROS', 'FIGUEROA', '', '', 'SAN ISIDRO', '', '4491026562', '1', '8', 90, 2, '', 81, '2019-04-05'),
(419, 79, 72, 66, '667', 'TEODORO', 'LANDEROS', 'LOERA', '', '', 'SAN ISIDRO', '', '4491026562', '1', '8', 90, 2, '', 81, '2019-04-05'),
(420, 79, 72, 66, '668', 'MA GUADALUPE', 'LARA', 'DE LUNA', '', '', 'CORRAL DE BARRANCOS', '', '4491159851', '1', '8', 90, 2, '', 81, '2019-04-05'),
(421, 79, 72, 66, '669', 'LETICIA', 'LARA', 'DE LUNA', '', '', 'CORRAL DE BARRANCOS', '', '4492010336', '1', '8', 90, 2, '', 81, '2019-04-05'),
(422, 80, 72, 66, '670', 'ALEJANDRINA', 'LARA', 'BOCARDO', '', '', 'MARAVILLAS', '', '4491075084', '2', '8', 90, 2, '', 81, '2019-04-05'),
(423, 80, 72, 66, '671', 'ALEJANDRO', 'LARA', 'DE LUNA', '', '', 'FRACC BUENAVISTA', '', '4498948311', '2', '8', 90, 2, '', 81, '2019-04-05'),
(424, 80, 72, 66, '672', 'J JESUS', 'LARIZ', 'CASTRO', '', '', 'FRACC BUENAVISTA', '', '4491899538', '2', '8', 90, 2, '', 81, '2019-04-05'),
(425, 80, 72, 66, '673', 'ROSALINA', 'LARIZ', 'VILLALPANDO', '', '', 'TAPIAS VIEJAS', '', '4494963799', '2', '8', 90, 2, '', 81, '2019-04-05'),
(426, 80, 72, 66, '674', 'MARIA GUADALUPE', 'LEDESMA', 'HERRERA', '', '', 'SOLIDARIDAD', '', '', '2', '8', 90, 2, '', 81, '2019-04-05'),
(427, 80, 72, 66, '675', 'MARIA INOCENCIA', 'LIRA', 'RODRIGUEZ', '', '', 'MARTINEZ ANDRADE', '', 'NO TIENE', '2', '8', 90, 2, '', 81, '2019-04-05'),
(428, 80, 72, 66, '676', 'ESTEBAN ALEJANDRO', 'LIRA', 'PADILLA', '', '', 'FRACC PASO DE ARGENTA', '', '4494617200', '2', '8', 90, 2, '', 81, '2019-04-05'),
(429, 80, 72, 66, '677', 'RICARDO', 'LIRA', 'PADILLA', '', '', 'FRACC ARBOLEDAS PASO BLANCO', '', '4491557442', '2', '8', 90, 2, '', 81, '2019-04-05'),
(430, 80, 72, 66, '678', 'OMAR ALEJANDRO', 'LIRA', 'MORENO', '', '', 'RESIDENCIAL VILLA CAMPESTRE', '', '4492599813', '2', '8', 90, 2, '', 81, '2019-04-05'),
(431, 80, 72, 66, '679', 'GABRIEL', 'LLAMAS', 'MARIN', '', '', 'CHICAHUALES I', '', '4491992852', '2', '8', 90, 2, '', 81, '2019-04-05'),
(432, 80, 72, 66, '680', 'SANDRA KARINA', 'LOERA', 'LUPERCIO', '', '', 'CORRAL DE BARRANCOS', '', '4491100463', '2', '8', 90, 2, '', 81, '2019-04-05'),
(433, 80, 72, 66, '681', 'MARISELA', 'LOERA', 'PACHECO', '', '', 'TAPIAS VIEJAS', '', '4494481430', '2', '8', 90, 2, '', 81, '2019-04-05'),
(434, 80, 72, 66, '682', 'FRANCISCO JAVIER', 'LOMELI', 'HERNANDEZ', '', '', 'COL CENTRO', '', '4491963852', '2', '8', 90, 2, '', 81, '2019-04-05'),
(435, 80, 72, 66, '683', 'BEATRIZ', 'LOPEZ', 'JIMENEZ', '', '', 'BELLAVISTA', '', '4499500844', '2', '8', 90, 2, '', 81, '2019-04-05'),
(436, 80, 72, 66, '684', 'MARISELA', 'LOPEZ', 'JIMENEZ', '', '', 'BELLAVISTA', '', '4491825405', '2', '8', 90, 2, '', 81, '2019-04-05'),
(437, 80, 72, 66, '685', 'SARA ANGELICA', 'LOPEZ', 'JIMENEZ', '', '', 'BELLAVISTA', '', '4498055302', '2', '8', 90, 2, '', 81, '2019-04-05'),
(438, 80, 72, 66, '686', 'EZEQUIEL', 'LOPEZ', 'LOPEZ', '', '', 'BELLAVISTA', '', '4492672748', '2', '8', 90, 2, '', 81, '2019-04-05'),
(439, 80, 72, 66, '687', 'SALVADOR', 'LOPEZ', 'GALLARDO', '', '', 'FRACC LOS VAZQUEZ', '', '4491180782', '2', '8', 90, 2, '', 81, '2019-04-05'),
(440, 80, 72, 66, '688', 'ADRIANA', 'LOPEZ', 'RUIZ', '', '', 'PASEOS GOMEZ PORTUGAL', '', '4491970135', '2', '8', 90, 2, '', 81, '2019-04-05'),
(441, 80, 72, 66, '689', 'MARLINA LILIANA', 'LOPEZ', 'SANTANA', '', '', '', '', '', '2', '8', 90, 2, '', 81, '2019-04-05'),
(442, 80, 72, 66, '690', 'ROBERTO', 'LOPEZ', 'RODRIGUEZ', '', '', 'FRACC RDCIAL VILLA CAMPESTRE', '', '4491118698', '2', '8', 90, 2, '', 81, '2019-04-05'),
(443, 80, 72, 66, '691', 'MARIA ASUNCION', 'LOPEZ', 'SEGOVIA', '', '', 'CORRAL DE BARRANCOS', '', '4494945396', '2', '8', 90, 2, '', 81, '2019-04-05'),
(444, 80, 72, 66, '692', 'HECTOR', 'LOPEZ', 'ZAMORA', '', '', 'CENTRO', '', '4492129552', '2', '8', 90, 2, '', 81, '2019-04-05'),
(445, 80, 72, 66, '693', 'JAQUELINE DEL SAN JUAN', 'LOPEZ', 'GARCIA', '', '', 'FRACC LA CAÑADA', '', '4492069512', '2', '8', 90, 2, '', 81, '2019-04-05'),
(446, 80, 72, 66, '694', 'MARCELINO', 'LOPEZ', 'GONZALEZ', '', '', 'PASO BLANCO', '', '4491109120', '2', '8', 90, 2, '', 81, '2019-04-05'),
(447, 80, 72, 66, '695', 'MA CARMEN', 'LOPEZ', 'ESPARZA', '', '', 'LOC PASO BLANCO', '', '4491194536', '2', '8', 90, 2, '', 81, '2019-04-05'),
(448, 80, 72, 66, '696', 'SEVERO', 'LOPEZ', 'GUTIERREZ', '', '', 'LOS VAZQUEZ', '', '449-141-60-32', '2', '8', 90, 2, '', 81, '2019-04-05'),
(449, 80, 72, 66, '697', 'MA MARGARITA', 'LOPEZ', 'MEZA', '', '', 'LOS VAZQUEZ', '', '449-298-07-47', '2', '8', 90, 2, '', 81, '2019-04-05'),
(450, 80, 72, 66, '698', 'FABIAN ALEJANDRO', 'LOPEZ', 'SANTOYO', '', '', 'FRACC LOMAS DE JESUS MARIA', '', '', '2', '8', 90, 2, '', 81, '2019-04-05'),
(451, 80, 72, 66, '699', 'MA GUADALUPE', 'LOPEZ', 'GONZALEZ', '', '', 'PASO BLANCO', '', '4493371527', '2', '8', 90, 2, '', 81, '2019-04-05'),
(452, 80, 72, 66, '700', 'MARIA ELIDA', 'LOPEZ', 'GONZALEZ', '', '', 'PASO BLANCO', '', '4491527767', '2', '8', 90, 2, '', 81, '2019-04-05'),
(453, 80, 72, 66, '701', 'ROSA MARIA', 'LOPEZ', 'GONZALEZ', '', '', 'PASO BLANCO', '', '4492303066', '2', '8', 90, 2, '', 81, '2019-04-05'),
(454, 80, 72, 66, '702', 'JOSEFINA', 'LOPEZ', 'MARTINEZ', '', '', 'JESUS GOMEZ PORTUGAL', '', '4493248461 (ES DE ISABEL PALACIOS),', '2', '8', 90, 2, '', 81, '2019-04-05'),
(455, 80, 72, 66, '703', 'MARIA DEL CARMEN', 'LOPEZ', 'MORENO', '', '', 'LA FLORIDA', '', '449-343--35-75', '2', '8', 90, 2, '', 81, '2019-04-05'),
(456, 80, 72, 66, '704', 'BERTA ELICIA', 'LOPEZ', 'VELASCO', '', '', 'MILPILLAS DE ABAJO', '', '4493641180', '2', '8', 90, 2, '', 81, '2019-04-05'),
(457, 80, 72, 66, '705', 'JUAN LUIS', 'LOPEZ', 'MUÑOZ', '', '', 'TAPIAS VIEJAS', '', '4491025863', '2', '8', 90, 2, '', 81, '2019-04-05'),
(458, 80, 72, 66, '706', 'MARTA LETICIA', 'LOPEZ', 'MUÑOZ', '', '', 'TAPIAS VIEJAS', '', '4951019645', '2', '8', 90, 2, '', 81, '2019-04-05'),
(459, 80, 72, 66, '707', 'SILVIA JOSEFINA', 'LOPEZ', 'MUÑOZ', '', '', 'TAPIAS VIEJAS', '', '4491885002', '2', '8', 90, 2, '', 81, '2019-04-05'),
(460, 80, 72, 66, '708', 'AMELIA', 'LOPEZ', 'VILLALOBOS', '', '', 'LAS CIENEGUITAS', '', '4498900838', '2', '8', 90, 2, '', 81, '2019-04-05'),
(461, 80, 72, 66, '709', 'RICARDO ARTURO', 'LOPEZ', 'ACERO', '', '', '', '', '', '2', '8', 90, 2, '', 81, '2019-04-05'),
(462, 80, 72, 66, '710', 'LUIS', 'LOZANO', 'MARMOLEJO', '', '', 'CORRAL DE BARRANCOS', '', '4491234079', '2', '8', 90, 2, '', 81, '2019-04-05'),
(463, 80, 72, 66, '711', 'MA DEL REFUGIO', 'LOZANO', 'ROBLES', '', '', 'VILLAS DEL SOL', '', '4491299788', '2', '8', 90, 2, '', 81, '2019-04-05'),
(464, 80, 72, 66, '712', 'JAVIER', 'LUCIO', 'TORALES', '', '', 'CENTRO', '', '4491911365', '2', '8', 90, 2, '', 81, '2019-04-05'),
(465, 80, 72, 66, '713', 'JESUS', 'LUCIO', 'TORALES', '', '', 'CENTRO', '', '4493468088', '2', '8', 90, 2, '', 81, '2019-04-05'),
(466, 80, 72, 66, '714', 'JOSE GUADALUPE', 'LUEVANO', 'HERNANDEZ', '', '', 'COL EL CALVARIO', '', '4498045118', '2', '8', 90, 2, '', 81, '2019-04-05'),
(467, 80, 72, 66, '715', 'LUIS GERARDO', 'LUEVANO', 'ZARATE', '', '', '', '', '', '2', '8', 90, 2, '', 81, '2019-04-05'),
(468, 80, 72, 66, '716', 'MARIA GUADALUPE', 'LUNA', 'VARGAS', '', '', 'FRACC BUENAVISTA', '', '4492151388', '2', '8', 90, 2, '', 81, '2019-04-05'),
(469, 80, 73, 66, '717', 'MARTHA ELENA', 'LUPERCIO', 'SALAS', '', '', 'CORRAL DE BARRANCOS', '', '4491950734', '2', '8', 90, 2, '', 81, '2019-04-05'),
(470, 80, 73, 66, '718', 'JOSE GERARDO', 'LUPERCIO', 'SANTANA', '', '', 'PIEDRAS NEGRAS', '', '4491804685', '2', '8', 90, 2, '', 81, '2019-04-05'),
(471, 80, 73, 66, '719', 'LUCERO DE JESUS', 'LUPERCIO', 'VILLAREAL', '', '', 'PIEDRAS NEGRAS', '', '4491804685', '2', '8', 90, 2, '', 81, '2019-04-05'),
(472, 80, 73, 66, '720', 'ALFREDO', 'LUPERCIO', 'GOMEZ', '', '', 'TAPIAS VIEJAS', '', '4492246895', '2', '8', 90, 2, '', 81, '2019-04-05'),
(473, 80, 73, 66, '721', 'BLANCA ESTELA', 'LUPERCIO', 'VELASCO', '', '', 'TAPIAS VIEJAS', '', '4492246895', '2', '8', 90, 2, '', 81, '2019-04-05'),
(474, 80, 73, 66, '722', 'MARIA BELEN', 'LUPERCIO', 'VELASCO', '', '', 'TAPIAS VIEJAS', '', '4492246895', '2', '8', 90, 2, '', 81, '2019-04-05'),
(475, 80, 73, 66, '723', 'ROSALINA', 'LUPERCIO', 'VELASCO', '', '', 'TAPIAS VIEJAS', '', '4492246895', '2', '8', 90, 2, '', 81, '2019-04-05'),
(476, 80, 73, 66, '724', 'JESUS', 'MACIAS', 'LOPEZ', '', '', 'COL CENTRO', '', '4491804421', '2', '8', 90, 2, '', 81, '2019-04-05'),
(477, 80, 73, 67, '725', 'MARIA PATRICIA', 'MACIAS', 'SANCHEZ', '', '', 'FRACC SOLIDARIDAD', '', '', '2', '8', 90, 2, '', 81, '2019-04-05'),
(478, 80, 73, 67, '726', 'SAMUEL', 'MACIAS', 'RANGEL', '', '', 'GRANJA MIRAVALLE', '', '4491042878', '2', '8', 90, 2, '', 81, '2019-04-05'),
(479, 80, 73, 67, '727', 'BLANCA IVETH', 'MACIAS', 'VEGA', '', '', 'CORRAL DE BARRANCOS', '', '4491517348', '2', '8', 90, 2, '', 81, '2019-04-05'),
(480, 80, 73, 67, '728', 'SOFIA', 'MACIAS', 'PACHECO', '', '', 'SAN ANTONIO DE LOS HORCONES', '', '4492440604 ES DE SU HIJA', '2', '8', 90, 2, '', 81, '2019-04-05'),
(481, 80, 73, 67, '729', 'REYNA', 'MACIAS', 'RODRIGUEZ', '', '', 'EL LLANO', '', '4491183503', '2', '8', 90, 2, '', 81, '2019-04-05'),
(482, 80, 73, 67, '730', 'TOMASA', 'MACIAS', 'RODRIGUEZ', '', '', 'FRACC SOLAR DE JONACATIQUE', '', '4492523638', '2', '8', 90, 2, '', 81, '2019-04-05'),
(483, 80, 73, 67, '731', 'JOSE JUAN ', 'MALDONADO', 'GOMEZ ', '', '', '', '', '', '2', '8', 90, 2, '', 81, '2019-04-05'),
(484, 80, 73, 67, '732', 'FERNANDO', 'MARES', 'TRANCOSO', '', '', 'J GOMEZ PORTUGAL CENTRO', '', '4491809273', '2', '8', 90, 2, '', 81, '2019-04-05'),
(485, 80, 73, 67, '733', 'JUAN PABLO', 'MARES', 'MONTAÑEZ', '', '', 'COL CENTRO JESUS GOMEZ PORTUGAL', '', '4492775383', '2', '8', 90, 2, '', 81, '2019-04-05'),
(486, 80, 73, 67, '734', 'ANA BEATRIZ', 'MARMOLEJO', 'HERNANDEZ', '', '', 'TROJES DE SAN CRISTOBAL', '', '4491004584', '2', '8', 90, 2, '', 81, '2019-04-05'),
(487, 80, 73, 67, '735', 'VELIA', 'MARQUEZ', 'QUEZADA', '', '', 'VALLE DE MARGARITAS', '', '4494137005', '2', '8', 90, 2, '', 81, '2019-04-05'),
(488, 80, 73, 67, '736', 'ADELAIDA', 'MARTINEZ', 'MARTINEZ', '', '', 'CENTRO', '', '4491281981', '2', '8', 90, 2, '', 81, '2019-04-05'),
(489, 80, 73, 67, '737', 'RAMONA', 'MARTINEZ', 'CISNEROS', '', '', 'FRACC CHICAHUALES II', '', '', '2', '8', 90, 2, '', 81, '2019-04-05'),
(490, 80, 73, 67, '738', 'GUILLERMINA', 'MARTINEZ', 'HERNANDEZ', '', '', 'COL EL CALVARIO', '', '', '2', '8', 90, 2, '', 81, '2019-04-05'),
(491, 80, 73, 67, '739', 'MONICA', 'MARTINEZ', 'MARTINEZ', '', '', 'CENTRO', '', '4492584519', '2', '8', 90, 2, '', 81, '2019-04-05'),
(492, 80, 73, 67, '740', 'ANGELICA MARIA', 'MARTINEZ', 'GARCIA', '', '', 'COL FLORES MAGON', '', '4491562150', '2', '8', 90, 2, '', 81, '2019-04-05'),
(493, 80, 73, 67, '741', 'CLAUDIA', 'MARTINEZ', 'SALAZAR', '', '', 'COL FLORES MAGON', '', '4491645953', '2', '8', 90, 2, '', 81, '2019-04-05'),
(494, 80, 73, 67, '742', 'LUIS GERARDO', 'MARTINEZ', 'HERNANDEZ', '', '', 'COL BENIGNO CHAVEZ', '', '4491732747', '2', '8', 90, 2, '', 81, '2019-04-05'),
(495, 80, 73, 67, '743', 'MARIA LEONOR', 'MARTINEZ', 'ALVARADO', '', '', 'CENTRO', '', '449-195-04-24', '2', '8', 90, 2, '', 81, '2019-04-05'),
(496, 80, 73, 67, '744', 'DOMINGO DE JESUS', 'MARTINEZ', 'LOPEZ', '', '', 'BELLAVISTA', '', '4492437655', '2', '8', 90, 2, '', 81, '2019-04-05'),
(497, 80, 73, 67, '745', 'RUBEN', 'MARTINEZ', 'PLACIDO', '', '', 'CENTRO', '', '4493990174', '2', '8', 90, 2, '', 81, '2019-04-05'),
(498, 80, 73, 67, '746', 'RAFAEL', 'MARTINEZ', 'DE LUNA', '', '', 'MARAVILLAS', '', '4492128461', '2', '8', 90, 2, '', 81, '2019-04-05'),
(499, 80, 73, 67, '747', 'ISIDRA', 'MARTINEZ', 'ALMENDARES', '', '', 'MARTINEZ ANDRADE', '', '4492984528', '2', '8', 90, 2, '', 81, '2019-04-05'),
(500, 80, 73, 67, '748', 'INDALECIO', 'MARTINEZ', 'ROMO', '', '', 'MARAVILLAS', '', '4492093070', '2', '8', 90, 2, '', 81, '2019-04-05'),
(501, 80, 74, 67, '749', 'VERONICA', 'MARTINEZ', 'OLIVARES', '', '', 'EL LLANO', '', '4491190292', '2', '8', 90, 2, '', 81, '2019-04-05'),
(502, 80, 74, 67, '750', 'ROSA', 'MARTINEZ', 'SUAREZ', '', '', 'EL LLANO', '', '4498064702', '2', '8', 90, 2, '', 81, '2019-04-05'),
(503, 80, 74, 67, '751', 'ENRIQUE', 'MARTINEZ', 'BENITES', '', '', 'CORRAL DE BARRANCOS', '', '', '2', '8', 90, 2, '', 81, '2019-04-05'),
(504, 80, 74, 67, '752', 'DANIEL', 'MARTINEZ', 'BENITEZ', '', '', 'CORRAL DE BARRANCOS', '', '4491731266', '2', '8', 90, 2, '', 81, '2019-04-05'),
(505, 80, 74, 67, '753', 'MARIA JOSEFINA', 'MARTINEZ', 'BENITEZ', '', '', 'CORRAL DE BARRANCOS', '', '4493665492', '2', '8', 90, 2, '', 81, '2019-04-05'),
(506, 80, 74, 67, '754', 'MARIA LETICIA', 'MARTINEZ', 'BENITEZ', '', '', 'CORRAL DE BARRANCOS', '', '4493665492', '2', '8', 90, 2, '', 81, '2019-04-05'),
(507, 80, 74, 67, '755', 'MARIA ELENA', 'MARTINEZ', 'MARTINEZ', '', '', 'CORRAL DE BARRANCOS', '', '4492887477', '2', '8', 90, 2, '', 81, '2019-04-05'),
(508, 80, 74, 67, '756', 'MARIA JESUS', 'MARTINEZ', 'CAÑEDO', '', '', 'TEPETATES', '', '4493471034', '2', '8', 90, 2, '', 81, '2019-04-05'),
(509, 80, 74, 67, '757', 'ELVIA', 'MARTINEZ', 'MUNGUIA', '', '', 'MARAVILAS', '', '4498072280', '2', '8', 90, 2, '', 81, '2019-04-05'),
(510, 80, 74, 67, '758', 'ENRIQUE', 'MARTINEZ', 'GARCIA', '', '', 'CORRAL DE BARRANCOS', '', '4493665492', '2', '8', 90, 2, '', 81, '2019-04-05'),
(511, 80, 74, 67, '759', 'ANGELICA', 'MARTINEZ', 'VALDIVIA', '', '', 'CORRAL DE BARRANCOS', '', '4491201832', '2', '8', 90, 2, '', 81, '2019-04-05'),
(512, 80, 74, 67, '760', 'ALFREDO', 'MARTINEZ', 'DE LUNA', '', '', 'MARAVILLAS', '', '4491720874', '2', '8', 90, 2, '', 81, '2019-04-05'),
(513, 80, 74, 67, '761', 'J TRINIDAD', 'MARTINEZ', 'DE LUNA', '', '', 'MARAVILLAS', '', '', '2', '8', 90, 2, '', 81, '2019-04-05'),
(514, 80, 74, 67, '762', 'ANA LUCIA', 'MARTINEZ', 'GALLARDO', '', '', 'MARAVILLAS', '', '4491207577', '2', '8', 90, 2, '', 81, '2019-04-05'),
(515, 80, 74, 67, '763', 'LUISA', 'MARTINEZ', 'MARCIAL', '', '', 'MARAVILLAS', '', '', '2', '8', 90, 2, '', 81, '2019-04-05'),
(516, 80, 74, 67, '764', 'CLARA AURORA', 'MARTINEZ', 'GALLARDO', '', '', 'EL LLANO', '', '4491811843', '2', '8', 90, 2, '', 81, '2019-04-05'),
(517, 80, 74, 67, '765', 'SUSANA', 'MARTINEZ', 'GALLARDO', '', '', 'CORRAL DE BARRANCOS', '', '4492123585', '2', '8', 90, 2, '', 81, '2019-04-05'),
(518, 80, 74, 67, '766', 'JUAN CARLOS', 'MARTINEZ', 'GAYTAN', '', '', 'SOLIDARIDAD', '', '4493627478', '2', '8', 90, 2, '', 81, '2019-04-05'),
(519, 80, 74, 67, '767', 'PASCACIO', 'MARTINEZ', 'XX', '', '', 'FRACC SATURNINO HERRAN', '', '4494121680', '2', '8', 90, 2, '', 81, '2019-04-05'),
(520, 80, 74, 67, '768', 'JUAN ALBERTO', 'MARTINEZ', 'CHAVEZ', '', '', 'EL LLANO', '', '4499401191', '2', '8', 90, 2, '', 81, '2019-04-05'),
(521, 80, 74, 67, '769', 'MARIA DEL CARMEN', 'MARTINEZ', 'GONZALEZ', '', '', 'FRACC SOLIDARIDAD', '', '4492634237', '2', '8', 90, 2, '', 81, '2019-04-05'),
(522, 80, 74, 67, '770', 'FELIPE DE JESUS', 'MARTINEZ', 'GOMEZ', '', '', 'CHICAHUALES II', '', '449-262-19-65', '2', '8', 90, 2, '', 81, '2019-04-05'),
(523, 80, 74, 67, '771', 'DIANA JAZMIN', 'MARTINEZ', 'SERNA', '', '', 'CHICAHUALES II', '', '4494133512', '2', '8', 90, 2, '', 81, '2019-04-05'),
(524, 80, 74, 67, '772', 'FELIPE DE JESUS', 'MARTINEZ', 'SERNA', '', '', 'CHICAHUALES ', '', '449-116-81-64', '2', '8', 90, 2, '', 81, '2019-04-05'),
(525, 80, 74, 67, '773', 'XOCHIL GUADALUPE', 'MARTINEZ', 'SERNA', '', '', 'CHICAHUALES ', '', '449-120-27-30', '2', '8', 90, 2, '', 81, '2019-04-05'),
(526, 80, 74, 67, '774', 'ZITHLALIC MONCERRAT', 'MARTINEZ', 'SERNA', '', '', 'CHICAHUALES II', '', '449-329-06-03', '2', '8', 90, 2, '', 81, '2019-04-05'),
(527, 80, 74, 67, '775', 'ELSA MAYELA', 'MARTINEZ', 'DE LARA', '', '', 'LAS CIENEGUITAS', '', '4492226239', '2', '8', 90, 2, '', 81, '2019-04-05'),
(528, 80, 74, 67, '776', 'ANTONIO DE JESUS', 'MARTINEZ', 'GUTIERREZ', '', '', 'LAS CIENEGUITAS', '', '4491119640', '2', '8', 90, 2, '', 81, '2019-04-05'),
(529, 80, 74, 67, '777', 'GEORGINA', 'MARTINEZ', 'GUTIERREZ', '', '', 'LAS CIENEGUITAS', '', '4492272522', '2', '8', 90, 2, '', 81, '2019-04-05'),
(530, 80, 74, 67, '778', 'MA ISABEL', 'MARTINEZ', 'GUTIERREZ', '', '', 'LAS CIENEGUITAS', '', '4491280110', '2', '8', 90, 2, '', 81, '2019-04-05'),
(531, 80, 74, 67, '779', 'SALVADOR', 'MARTINEZ', 'MARTINEZ', '', '', 'LAS CIENEGUITAS', '', '4492091496', '2', '8', 90, 2, '', 81, '2019-04-05'),
(532, 80, 74, 67, '780', 'JOANA ELISABETH', 'MARTINEZ', 'VELA', '', '', 'CRUCERO GRACIAS A DIOS', '', '4491370469', '2', '8', 90, 2, '', 81, '2019-04-05'),
(533, 80, 74, 67, '781', 'CLAUDIA ANGELICA', 'MARTINEZ', 'BAEZ', '', '', 'TEPETATES', '', '4491124245', '2', '8', 90, 2, '', 81, '2019-04-05'),
(534, 80, 74, 67, '782', 'SILVIA', 'MARTINEZ', 'ARANDA', '', '', '', '', '', '2', '8', 90, 2, '', 81, '2019-04-05'),
(535, 80, 74, 67, '783', 'OCTAVIO', 'MARTINEZ', 'FLORES', '', '', 'COL ESCALERA', '', '', '2', '8', 90, 2, '', 81, '2019-04-05'),
(536, 80, 74, 67, '784', 'GONZALO', 'MARTINEZ ', 'ADAME', '', '', 'SAN MIGUELITO', '', '4492678167', '2', '8', 90, 2, '', 81, '2019-04-05'),
(537, 80, 74, 67, '785', 'HORTENSIA ', 'MARTINEZ ', 'MARTINEZ', '', '', 'COL CENTRO', '', '4493654617', '2', '8', 90, 2, '', 81, '2019-04-05'),
(538, 80, 74, 67, '786', 'MARICELA DEL CARMEN ', 'MARTINEZ ', 'DURON ', '', '', '', '', '', '2', '8', 90, 2, '', 81, '2019-04-05'),
(539, 80, 74, 67, '787', 'MARTINA', 'MARTINEZ ', 'JASSO ', '', '', 'VALLADOLID', '', '4495498619', '2', '8', 90, 2, '', 81, '2019-04-05'),
(540, 80, 74, 67, '788', 'CELIA', 'MARTINEZ ', 'JAZO ', '', '', 'VALLADOLID', '', '4491801662', '2', '8', 90, 2, '', 81, '2019-04-05'),
(541, 80, 74, 67, '789', 'MARTHA ', 'MARTINEZ ', 'MUÑOZ ', '', '', 'COL OJOS DE AGUA', '', '4491891637', '2', '8', 90, 2, '', 81, '2019-04-05'),
(542, 80, 74, 67, '790', 'NOEL', 'MATA', 'ATILANO', '', '', 'ALCAZAR RESIDENCIAL', '', '4494411860', '2', '8', 90, 2, '', 81, '2019-04-05'),
(543, 80, 74, 67, '791', 'ADRIAN', 'MATA', 'ESPARZA', '', '', 'LA LOMA', '', '4491230536', '2', '8', 90, 2, '', 81, '2019-04-05'),
(544, 80, 74, 67, '792', 'ADRIAN', 'MATA', 'RAMIREZ', '', '', 'LA LOMA', '', '4749257891', '2', '8', 90, 2, '', 81, '2019-04-05'),
(545, 80, 74, 67, '793', 'GUSTAVO', 'MATA', 'RAMIREZ', '', '', 'LOMA ALTA', '', '4493957392', '2', '8', 90, 2, '', 81, '2019-04-05'),
(546, 80, 74, 67, '794', 'CESAR FERNANDO', 'MEDINA', 'CERVANTES', '', '', 'ARBOLEDAS II', '', '449-205-04-06', '2', '8', 90, 2, '', 81, '2019-04-05'),
(547, 80, 74, 67, '795', 'EDUARDO DANIEL', 'MEDINA', 'CERVANTES', '', '', 'ARBOLEDAS II', '', '4492794683', '2', '8', 90, 2, '', 81, '2019-04-05'),
(548, 80, 74, 67, '796', 'RAMON', 'MEDINA', 'DIAZ', '', '', 'ARBOLEDAS II', '', '4493524092', '2', '8', 90, 2, '', 81, '2019-04-05'),
(549, 80, 74, 67, '797', 'CARLOS', 'MEDINA', 'JAIME', '', '', 'VALLADOLID', '', '4499067228', '2', '8', 90, 2, '', 81, '2019-04-05'),
(550, 80, 74, 67, '798', 'MARIA SANJUANA', 'MEDINA', 'HERNANDEZ', '', '', 'CENTRO', '', '4491384468 ES DE SU HIJA', '2', '8', 90, 2, '', 81, '2019-04-05'),
(551, 80, 74, 67, '799', 'CESAR ALEJO', 'MEDINA', 'CORTEZ', '', '', 'EL CENIZO', '', '4492746820', '2', '8', 90, 2, '', 81, '2019-04-05'),
(552, 80, 74, 67, '800', 'JOSE JUAN', 'MEDINA', 'CORTEZ', '', '', 'EL CENIZO', '', '4491038417', '2', '8', 90, 2, '', 81, '2019-04-05'),
(553, 80, 74, 67, '801', 'LUIS ALBERTO', 'MEDINA', 'CORTEZ', '', '', 'EL CENIZO', '', '', '2', '8', 90, 2, '', 81, '2019-04-05'),
(554, 80, 74, 67, '802', 'SALVADOR DANIEL', 'MEDINA', 'CORTEZ', '', '', 'EL CENIZO', '', '4495522440', '2', '8', 90, 2, '', 81, '2019-04-05'),
(555, 80, 74, 67, '803', 'ANTONIO EDUARDO', 'MEDINA', 'HERNANDEZ', '', '', 'EL CENIZO', '', '4493476793', '2', '8', 90, 2, '', 81, '2019-04-05'),
(556, 80, 74, 67, '804', 'JOSE', 'MEDINA', 'HERNANDEZ', '', '', 'EL CENIZO', '', '4491981946', '2', '8', 90, 2, '', 81, '2019-04-05'),
(557, 80, 74, 67, '805', 'MA DEL ROSARIO', 'MEDINA', 'HERNANDEZ', '', '', 'EL CENIZO', '', '4491198884', '2', '8', 90, 2, '', 81, '2019-04-05'),
(558, 80, 74, 67, '806', 'MARIA GUADALUPE', 'MEJIA', 'FLORES', '', '', 'PASO BLANCO', '', '4493439304', '2', '8', 90, 2, '', 81, '2019-04-05'),
(559, 80, 74, 67, '807', 'ZAIT ALEJANDRO', 'MEJIA', 'DE LUNA', '', '', 'TEPETATES', '', '', '2', '8', 90, 2, '', 81, '2019-04-05'),
(560, 80, 74, 67, '808', 'CELIA IMELDA', 'MENDEZ', 'BELTRAN', '', '', 'FRACC PASEOS DE AGUASCALIENTES', '', '449-167-45-32', '2', '8', 90, 2, '', 81, '2019-04-05'),
(561, 80, 74, 67, '809', 'GILBERTO', 'MENDOZA', 'SOTELO', '', '', 'FRACC AGUA CLARA', '', '4492589714', '2', '8', 90, 2, '', 81, '2019-04-05'),
(562, 80, 74, 67, '810', 'JAVIER', 'MERCADO', 'QUEZADA', '', '', 'COL LOS ARROYITOS', '', '4491284781', '2', '8', 90, 2, '', 81, '2019-04-05'),
(563, 80, 74, 67, '811', 'FRANCISCO JAVIER', 'MERCADO', 'DELGADILLO', '', '', '', '', '', '2', '8', 90, 2, '', 81, '2019-04-05'),
(564, 80, 74, 67, '812', 'ARACELI', 'MEZA', 'MARTINEZ', '', '', '', '', '', '2', '8', 90, 2, '', 81, '2019-04-05'),
(565, 80, 74, 67, '813', 'EDUARDO', 'MIER', 'GALLEGOS', '', '', 'PASO BLANCO', '', 'NO TIENE', '2', '8', 90, 2, '', 81, '2019-04-05'),
(566, 80, 74, 67, '814', 'RIGOBERTO', 'MIRANDA', 'MARTINEZ', '', '', 'FRACC CHICAHUALES II', '', '4651018769', '2', '8', 90, 2, '', 81, '2019-04-05'),
(567, 80, 74, 67, '815', 'ANGELICA MARIA', 'MOLINA', 'ESQUIVEL', '', '', 'TAPIAS VIEJAS', '', '4493290886', '2', '8', 90, 2, '', 81, '2019-04-05'),
(568, 80, 74, 67, '816', 'ANA ROSA ', 'MONREAL ', 'DE LUNA ', '', '', 'SOLIDARIDAD', '', '4492062890', '2', '8', 90, 2, '', 81, '2019-04-05'),
(569, 80, 74, 67, '817', 'DORA LUZ', 'MONTAÑEZ', 'RODRIGUEZ', '', '', 'JESUS GOMEZ PORTUGAL', '', '4491904542', '2', '8', 90, 2, '', 81, '2019-04-05'),
(570, 80, 74, 67, '818', 'GERARDA', 'MONTAÑEZ', 'VILLA', '', '', 'SAN ANTONIO  DE LOS HORCONES', '', '4491139875', '2', '8', 90, 2, '', 81, '2019-04-05'),
(571, 80, 74, 67, '819', 'YESSIKA GEORGINA', 'MONTAÑEZ', 'CASTRO', '', '', '', '', '', '2', '8', 90, 2, '', 81, '2019-04-05'),
(572, 80, 74, 67, '820', 'JAVIER', 'MORENO', 'BELTRAN', '', '', 'LA CARDONA', '', '', '2', '8', 90, 2, '', 81, '2019-04-05'),
(573, 80, 74, 67, '821', 'MIGUEL ANGEL', 'MORENO', 'DE LUNA', '', '', 'CORRAL DE BARRANCOS', '', '4491240399', '2', '8', 90, 2, '', 81, '2019-04-05'),
(574, 80, 74, 67, '822', 'JUAN JESUS', 'MORENO', 'SANTOS', '', '', 'LA CAÑADA', '', '', '2', '8', 90, 2, '', 81, '2019-04-05'),
(575, 80, 74, 67, '823', 'SAUL', 'MORENO', 'SUAREZ', '', '', 'COL BENIGNO CHAVEZ', '', '', '2', '8', 90, 2, '', 81, '2019-04-05'),
(576, 80, 74, 67, '824', 'MA ELENA', 'MORENO', 'MUNGUIA', '', '', 'TEPETATES', '', '449-280-17-71', '2', '8', 90, 2, '', 81, '2019-04-05'),
(577, 80, 74, 67, '825', 'MA CATALINA', 'MORENO', 'MUÑOZ', '', '', 'MARAVILLAS', '', '', '2', '8', 90, 2, '', 81, '2019-04-05'),
(578, 80, 74, 67, '826', 'JUAN CARLOS', 'MORENO', 'RODRIGUEZ', '', '', 'LOS ARENALES', '', '', '2', '8', 90, 2, '', 81, '2019-04-05'),
(579, 80, 74, 67, '827', 'SALVADOR', 'MORENO', 'BELTRAN', '', '', 'SAN MIGUELITO', '', '4493660270', '2', '8', 90, 2, '', 81, '2019-04-05'),
(580, 80, 74, 67, '828', 'MA MAGDALENA', 'MORENO', 'GARCIA', '', '', 'LUIS DONALDO COLOSIO', '', '', '2', '8', 90, 2, '', 81, '2019-04-05'),
(581, 80, 74, 67, '829', 'SAUL', 'MORENO', 'PADILLA', '', '', 'TEPETATES', '', '', '2', '8', 90, 2, '', 81, '2019-04-05'),
(582, 80, 74, 67, '830', 'SACRAMENTO LUIS FERNANDO', 'MORENO', 'MARTINEZ', '', '', '', '', '', '2', '8', 90, 2, '', 81, '2019-04-05'),
(583, 80, 74, 67, '831', 'OMAR JAIR', 'MOSQUEDA', 'CASTILLO', '', '', 'CONDOMINIO RDCIAL PASO DE ARGENTA', '', '44491037617', '2', '8', 90, 2, '', 81, '2019-04-05'),
(584, 80, 74, 67, '832', 'NADIA PATRICIA', 'MURILLO', 'VIDAL', '', '', '', '', '', '2', '8', 90, 2, '', 81, '2019-04-05'),
(585, 80, 74, 67, '833', 'JOSE SANTIAGO', 'MUÑOZ', 'SUAREZ', '', '', 'ESCALERA', '', '', '2', '8', 90, 2, '', 81, '2019-04-05'),
(586, 80, 74, 67, '834', 'MARTHA', 'MUÑOZ', 'HERNANDEZ', '', '', 'CENTRO', '', '4492742526', '2', '8', 90, 2, '', 81, '2019-04-05'),
(587, 80, 74, 67, '835', 'FRANCISCO', 'MUÑOZ', 'LOPEZ', '', '', 'LOS ARQUITOS', '', '4492137412', '2', '8', 90, 2, '', 81, '2019-04-05'),
(588, 80, 74, 67, '836', 'NORMA DOLORES', 'MUÑOZ', 'MUÑOZ', '', '', 'LOS ARQUITOS', '', '4492137412', '2', '8', 90, 2, '', 81, '2019-04-05'),
(589, 80, 74, 67, '837', 'SOFIA', 'MUÑOZ', 'RAMIREZ', '', '', 'LOS ARQUITOS', '', '4492137412', '2', '8', 90, 2, '', 81, '2019-04-05'),
(590, 80, 74, 67, '838', 'RUBEN', 'MUÑOZ', 'GOMEZ', '', '', 'RDCIAL LOS CEDROS', '', '4498940244', '2', '8', 90, 2, '', 81, '2019-04-05'),
(591, 80, 74, 67, '839', 'ANTONIO SEBASTIAN', 'MUÑOZ', 'AMARAL', '', '', '', '', '', '2', '8', 90, 2, '', 81, '2019-04-05'),
(592, 80, 74, 67, '840', 'BRENDA CECILIA', 'MUÑOZ', 'VILLARREAL', '', '', 'MILPILLAS DE ABAJO', '', '', '2', '8', 90, 2, '', 81, '2019-04-05'),
(593, 80, 74, 67, '841', 'JOSEFINA', 'MUÑOZ', 'GUTIERRES', '', '', 'TAPIAS VIEJAS', '', '4491964111', '2', '8', 90, 2, '', 81, '2019-04-05'),
(594, 80, 74, 67, '842', 'OSCAR RAFAEL', 'MUÑOZ', 'RUIZ ESPARZA', '', '', 'TAPIAS VIEJAS', '', '4492434955', '2', '8', 90, 2, '', 81, '2019-04-05'),
(595, 80, 74, 67, '843', 'SUSANA DEL ROCIO', 'MUÑOZ', 'RUIZ ESPARZA', '', '', 'TAPIAS VIEJAS', '', '4493628307', '2', '8', 90, 2, '', 81, '2019-04-05'),
(596, 80, 74, 67, '844', 'MA DE JESUS', 'MUÑOZ', 'CHAVEZ', '', '', 'IGNACIO ZARAGOZA', '', '4491518160', '2', '8', 90, 2, '', 81, '2019-04-05'),
(597, 80, 74, 67, '845', 'IMELDA', 'NAVARRO', 'SOSA', '', '', 'VALLADOLID', '', '4495537316', '2', '8', 90, 2, '', 81, '2019-04-05'),
(598, 80, 74, 67, '846', 'LUZ MARIA', 'NAVARRO', 'FEMAT', '', '', 'GRACIAS ADIOS', '', '4499905534', '2', '8', 90, 2, '', 81, '2019-04-05'),
(599, 80, 74, 67, '847', 'TERESA', 'NAVARRO', 'FEMAT', '', '', 'GRACIAS A DIOS', '', '4491060960', '2', '8', 90, 2, '', 81, '2019-04-05'),
(600, 80, 74, 67, '848', 'LORENA', 'NAVARRO', 'PEREA', '', '', '', '', '', '2', '8', 90, 2, '', 81, '2019-04-05'),
(601, 80, 75, 67, '849', 'HILDA', 'NIEVES', 'MORENO', '', '', 'CORRAL DE BARRANCOS', '', '4492784570', '2', '8', 90, 2, '', 81, '2019-04-05'),
(602, 80, 75, 67, '850', 'LILIANA', 'NORIEGA', 'SUAREZ', '', '', 'EL LLANO', '', '4491150858', '2', '8', 90, 2, '', 81, '2019-04-05'),
(603, 80, 75, 67, '851', 'MARIA CARINA', 'NORIEGA', 'SUAREZ', '', '', 'EL LLANO', '', '4492250671', '2', '8', 90, 2, '', 81, '2019-04-05'),
(604, 80, 75, 67, '852', 'MA DOLORES', 'NUÑO', 'RODRIGUEZ', '', '', 'FRACC LAS PALMAS', '', '4498040086', '2', '8', 90, 2, '', 81, '2019-04-05'),
(605, 80, 75, 67, '853', 'JOSE MANUEL', 'OLAGUE', 'SOLIS', '', '', 'COL ESCALERA', '', '4492757342', '2', '8', 90, 2, '', 81, '2019-04-05'),
(606, 80, 75, 67, '854', 'MA REMEDIOS', 'OLIVARES', 'GARCIA', '', '', 'EL LLANO', '', '4492838962 ES DE SU HIJA', '2', '8', 90, 2, '', 81, '2019-04-05'),
(607, 80, 75, 67, '855', 'JUANA MARIA', 'OLMOS', 'PLASCENCIA', '', '', 'FRACC PASEOS GOMEZ PORTUGAL', '', '4498904516', '2', '8', 90, 2, '', 81, '2019-04-05'),
(608, 80, 75, 67, '856', 'SOCIMO', 'OLMOS', 'RUVALCABA', '', '', 'JESUS GOMEZ PORTUGAL CENTRO', '', '4494606314', '2', '8', 90, 2, '', 81, '2019-04-05'),
(609, 80, 75, 67, '857', 'RAFAEL', 'OLMOS', 'OLMOS', '', '', 'VALLE DE MARGARITAS', '', '', '2', '8', 90, 2, '', 81, '2019-04-05'),
(610, 80, 75, 67, '858', 'BELEN', 'OLVERA', 'DE LA ROSA', '', '', 'CENTRO', '', '449-126-57-49', '2', '8', 90, 2, '', 81, '2019-04-05'),
(611, 80, 75, 67, '859', 'ARTURO', 'ORNELAS', 'ALVARES', '', '', 'TAPIAS VIEJAS', '', '4491700063', '2', '8', 90, 2, '', 81, '2019-04-05'),
(612, 80, 75, 67, '860', 'ANA ISABEL', 'ORNELAS', 'PICAZO', '', '', 'TAPIAS VIEJAS', '', '4491851489', '2', '8', 90, 2, '', 81, '2019-04-05'),
(613, 80, 75, 67, '861', 'EDITH ARIANA', 'ORNELAS', 'PICAZO', '', '', 'TAPIAS VIEJAS', '', '4492124024', '2', '8', 90, 2, '', 81, '2019-04-05'),
(614, 80, 75, 67, '862', 'FRANCICO JAVIER', 'ORNELAS', 'PICAZO', '', '', 'TAPIAS VIEJAS', '', '4491999032', '2', '8', 90, 2, '', 81, '2019-04-05'),
(615, 80, 75, 67, '863', 'MARIA GUADALUPE', 'ORNELAS', 'PICAZO', '', '', 'TAPIAS VIEJAS', '', '4492846489', '2', '8', 90, 2, '', 81, '2019-04-05'),
(616, 80, 75, 67, '864', 'JOSE ANTONIO', 'ORTEGA', 'ESQUIVEL', '', '', 'LOS ARROYITOS', '', '4491985860', '2', '8', 90, 2, '', 81, '2019-04-05'),
(617, 80, 75, 67, '865', 'MARIA DE JESUS', 'ORTEGA', 'GONZALEZ', '', '', 'COL EJIDAL', '', '4498061883', '2', '8', 90, 2, '', 81, '2019-04-05'),
(618, 80, 75, 67, '866', 'ANAI', 'ORTEGA', 'GONZALEZ', '', '', 'FRACC SOLIDARIDAD', '', '', '2', '8', 90, 2, '', 81, '2019-04-05'),
(619, 80, 75, 67, '867', 'CECILIA', 'ORTEGA', 'GONZALEZ', '', '', 'FRACC SOLIDARIDAD', '', '4491565563', '2', '8', 90, 2, '', 81, '2019-04-05'),
(620, 80, 75, 67, '868', 'SUSANA', 'ORTEGA', 'GONZALEZ', '', '', 'CHICAHUALES II', '', '4491998793', '2', '8', 90, 2, '', 81, '2019-04-05'),
(621, 80, 75, 67, '869', 'ALICIA', 'ORTEGA', 'SUAREZ', '', '', 'MARAVILLAS', '', '', '2', '8', 90, 2, '', 81, '2019-04-05'),
(622, 80, 75, 67, '870', 'MARIA DE LOS ANGELES', 'ORTEGA', 'ESQUIVEL', '', '', 'CENTRO', '', '4491736914', '2', '8', 90, 2, '', 81, '2019-04-05'),
(623, 80, 75, 67, '871', 'J. JOSE', 'ORTEGA ', 'CONTRERAS ', '', '', 'ESCALERA', '', '', '2', '8', 90, 2, '', 81, '2019-04-05'),
(624, 80, 75, 67, '872', 'EDUARDO JAVIER', 'ORTEGA ', 'TOLEDO', '', '', 'ESCALERA', '', '', '2', '8', 90, 2, '', 81, '2019-04-05'),
(625, 80, 75, 67, '873', 'JOSE ANTONIO', 'ORTEGA ', 'TOLEDO', '', '', 'LA TROJE', '', '', '2', '8', 90, 2, '', 81, '2019-04-05'),
(626, 80, 75, 67, '874', 'JORGE EDUARDO', 'ORTIZ', 'PONCE', '', '', 'VALLE DE MARGARITAS', '', '4499207697', '2', '8', 90, 2, '', 81, '2019-04-05'),
(627, 80, 75, 67, '875', 'JOSE PETRONILO', 'ORTIZ', 'CHAVEZ ', '', '', 'GENERAL IGNACIO ZARAGOZA', '', '4492121343 (ES DE SU HIJA),', '2', '8', 90, 2, '', 81, '2019-04-05'),
(628, 80, 75, 67, '876', 'NEREIDA', 'ORTIZ', 'GAMEZ', '', '', 'GENERAL IGNACIO ZARAGOZA', '', '4492839379', '2', '8', 90, 2, '', 81, '2019-04-05'),
(629, 80, 75, 67, '877', 'ERICA MARITZA', 'ORTIZ', 'GOMEZ', '', '', 'GENERAL IGNACIO ZARAGOZA (VENADE', '', '4491567941', '2', '8', 90, 2, '', 81, '2019-04-05'),
(630, 80, 75, 67, '878', 'JUAN FERNANDO', 'ORTIZ', 'MARTINEZ', '', '', 'PASEO DE LAS HACIENDAS', '', '449-554-16-34', '2', '8', 90, 2, '', 81, '2019-04-05'),
(631, 80, 75, 67, '879', 'MARGARITA', 'PADILLA', 'GARCIA', '', '', 'COL GREGORIO ZAMARRIPA DELGADO', '', '4498906472', '2', '8', 90, 2, '', 81, '2019-04-05'),
(632, 80, 75, 67, '880', 'MARCIAL', 'PADILLA', 'GUTIERREZ', '', '', 'LOMA ALTA', '', '4491209045', '2', '8', 90, 2, '', 81, '2019-04-05'),
(633, 80, 75, 67, '881', 'MARIA GUADALUPE', 'PADILLA', 'ROMO', '', '', 'FRACC LOMAS DE JESUS MARIA', '', '4491444227', '2', '9', 90, 2, '', 81, '2019-04-05'),
(634, 80, 75, 67, '882', 'JUAN CARLOS', 'PADILLA', 'GARCIA', '', '', 'COL LAS PALMAS', '', '4491233862', '2', '9', 90, 2, '', 81, '2019-04-05'),
(635, 80, 75, 67, '883', 'MA DE LOURDES', 'PADILLA', 'CRUZ', '', '', 'PUERTA DEL LLANO', '', '6647319276', '2', '9', 90, 2, '', 81, '2019-04-05'),
(636, 80, 75, 67, '884', 'MA ISABEL', 'PALACIOS', 'MARTINEZ', '', '', 'JESUS GOMEZ PORTUGAL ORIENTE', '', '4491446009', '2', '9', 90, 2, '', 81, '2019-04-05'),
(637, 80, 75, 67, '885', 'HECTOR NOE', 'PEREZ', 'DE ALBA', '', '', 'FRACC RUISEÑORES', '', '4494940878', '2', '9', 90, 2, '', 81, '2019-04-05'),
(638, 80, 75, 67, '886', 'CLAUDIA ALEJANDRA', 'PEREZ', 'DE ALBA', '', '', 'FRACC JACARANDAS', '', '4492784712', '2', '9', 90, 2, '', 81, '2019-04-05'),
(639, 80, 75, 67, '887', 'NOE JULIO', 'PEREZ', 'GONZALEZ', '', '', 'FRACC RUISEÑORES', '', '4492049222', '2', '9', 90, 2, '', 81, '2019-04-05'),
(640, 80, 75, 67, '888', 'SILVIA JARHANI', 'PEREZ', 'HERNANDEZ', '', '', 'JACARANDAS', '', '4491526509', '2', '9', 90, 2, '', 81, '2019-04-05'),
(641, 80, 75, 67, '889', 'LETICIA', 'PEREZ', 'MENDEZ', '', '', 'COLONIA PROVIDENCIA', '', '4491706451', '2', '9', 90, 2, '', 81, '2019-04-05'),
(642, 80, 75, 67, '890', 'SANDRA', 'PEREZ', 'HERNANDEZ', '', '', 'COL EJIDAL', '', '', '2', '9', 90, 2, '', 81, '2019-04-05'),
(643, 80, 75, 67, '891', 'MARIA LETICIA', 'PEREZ', 'SANTANA', '', '', 'TEPETATES', '', '', '2', '9', 90, 2, '', 81, '2019-04-05'),
(644, 80, 75, 67, '892', 'NELY', 'PEREZ', 'OLIVARES', '', '', 'LOS ARENALES', '', '', '2', '9', 90, 2, '', 81, '2019-04-05'),
(645, 80, 75, 67, '893', 'JORGE ALBERTO', 'PEREZ', 'TORRES', '', '', 'GRAL IGNACIO ZARAGOZA', '', '449 223 13 64', '2', '9', 90, 2, '', 81, '2019-04-05'),
(646, 80, 75, 67, '894', 'JOSE MANUEL', 'PEREZ', 'LOPEZ', '', '', 'SAN ANTONIO DE LOS HORCONES', '', '44917000080', '2', '9', 90, 2, '', 81, '2019-04-05'),
(647, 80, 75, 67, '895', 'MARISELA', 'PEREZ', 'LOPEZ', '', '', 'SAN ANTONIO DE LOS HORCONES', '', '449-229-60-46', '2', '9', 90, 2, '', 81, '2019-04-05'),
(648, 80, 75, 67, '896', 'ROSA', 'PEREZ', 'FLORES', '', '', 'FRACC SATURNINO HERRAN', '', '4491172191', '2', '9', 90, 2, '', 81, '2019-04-05'),
(649, 80, 75, 67, '897', 'JESUS', 'PEREZ', 'MACIAS', '', '', 'JESUS GOMEZ PORTUGAL', '', '', '2', '9', 90, 2, '', 81, '2019-04-05'),
(650, 80, 75, 67, '898', 'MARTIN', 'PEREZ', 'FLORES', '', '', 'VILLAS DEL SOL', '', '4491299788', '2', '9', 90, 2, '', 81, '2019-04-05'),
(651, 80, 75, 67, '899', 'LIZET NAYELI', 'PEREZ', 'GOMEZ', '', '', 'TAPIAS VIEJAS', '', '4491825402', '2', '9', 90, 2, '', 81, '2019-04-05'),
(652, 80, 75, 67, '900', 'MA DE LOS ANGELES', 'PEREZ', 'GOMEZ', '', '', 'TAPIAS VIEJAS', '', '4491964111', '2', '9', 90, 2, '', 81, '2019-04-05'),
(653, 80, 75, 67, '901', 'MARIA DEL ROSARIO', 'PEREZ', 'GOMEZ', '', '', 'TAPIAS VIEJAS', '', '', '2', '9', 90, 2, '', 81, '2019-04-05'),
(654, 80, 75, 67, '902', 'ANGELA', 'PEREZ', 'LARIZ', '', '', 'TAPIAS VIEJAS', '', '', '2', '9', 90, 2, '', 81, '2019-04-05'),
(655, 80, 75, 67, '903', 'JOSE LUIS', 'PEREZ', 'LARIZ', '', '', 'TAPIAS VIEJAS', '', 'NO TIENE', '2', '9', 90, 2, '', 81, '2019-04-05'),
(656, 80, 75, 67, '904', 'RAFAELA', 'PEREZ', 'LARIZ', '', '', 'TAPIAS VIEJAS', '', '4493294345', '2', '9', 90, 2, '', 81, '2019-04-05'),
(657, 80, 75, 67, '905', 'MARIANA', 'PEREZ', 'LOERA', '', '', 'TAPIAS VIEJAS', '', '4951111493', '2', '9', 90, 2, '', 81, '2019-04-05'),
(658, 80, 75, 67, '906', 'GUSTAVO', 'PEREZ', 'CONTRERAS', '', '', 'CIENEGUITAS', '', '4498051400', '2', '9', 90, 2, '', 81, '2019-04-05'),
(659, 80, 75, 67, '907', 'MA ISABEL', 'PEÑA', 'MACIAS', '', '', 'VALLE DE MARGARITAS', '', '4491888596', '2', '9', 90, 2, '', 81, '2019-04-05'),
(660, 80, 75, 67, '908', 'MANUELA', 'PICAZO', 'SANTANA', '', '', 'TAPIAS VIEJAS', '', '4492232405', '2', '9', 90, 2, '', 81, '2019-04-05'),
(661, 80, 75, 67, '909', 'ANA JAZMIN', 'PINEDA', 'VALADEZ', '', '', 'LAS CIENEGUITAS', '', '4492947512', '2', '9', 90, 2, '', 81, '2019-04-05'),
(662, 80, 75, 67, '910', 'ENRIQUE', 'PINEDA', 'MANRIQUEZ', '', '', '', '', '', '2', '9', 90, 2, '', 81, '2019-04-05'),
(663, 80, 75, 67, '911', 'CLAUDIO ARMANDO', 'PINEDO', 'MARTINEZ', '', '', 'FRACC ALCAZAR RDCIAL', '', '4491558441', '2', '9', 90, 2, '', 81, '2019-04-05'),
(664, 80, 75, 67, '912', 'ADOLFO', 'PIÑA', 'GABRIEL', '', '', 'CORRAL DE BARRANCOS', '', '4498982538', '2', '9', 90, 2, '', 81, '2019-04-05'),
(665, 80, 75, 67, '913', 'J ASUNCION', 'PLACIDO', 'CAÑEDO', '', '', 'ESCALERA', '', '', '2', '9', 90, 2, '', 81, '2019-04-05'),
(666, 80, 75, 67, '914', 'ISMAEL', 'PLACIDO', 'DELGADO', '', '', 'COL CENTRO', '', '4493950557', '2', '9', 90, 2, '', 81, '2019-04-05'),
(667, 80, 75, 67, '915', 'MARIA DEL ROSARIO', 'PLACIDO', 'DELGADO', '', '', 'CENTRO', '', '', '2', '9', 90, 2, '', 81, '2019-04-05'),
(668, 80, 75, 67, '916', 'MARIA DE LOS ANGELES', 'PLASCENCIA', 'ARENAS', '', '', 'JESUS GOMEZ PORTUGAL CENTRO', '', '4494148450', '2', '9', 90, 2, '', 81, '2019-04-05'),
(669, 80, 75, 67, '917', 'REBECA', 'PLATA', 'FEMAT', '', '', 'CAÑADA DEL RODEO', '', '4491150671', '2', '9', 90, 2, '', 81, '2019-04-05'),
(670, 80, 75, 67, '918', 'ENEDINA', 'PLATA', 'CARDONA', '', '', '', '', '', '2', '9', 90, 2, '', 81, '2019-04-05'),
(671, 80, 75, 67, '919', 'ANA LILIA', 'PONCE', 'VITAL', '', '', 'COL CENTRO', '', '4498067470', '2', '9', 90, 2, '', 81, '2019-04-05'),
(672, 80, 75, 67, '920', 'SEGUNDO', 'PONCE', 'COBOS', '', '', 'COL CENTRO JESUS GOMEZ PORTUGAL', '', '4491248179 (ES DE SU HIJA ANA KARINA),', '2', '9', 90, 2, '', 81, '2019-04-05'),
(673, 80, 75, 67, '921', 'ANA KARINA', 'PONCE', 'LUNA', '', '', 'JESUS GOMEZ PORTUGAL ORIENTE', '', '4491248179', '2', '9', 90, 2, '', 81, '2019-04-05'),
(674, 80, 75, 67, '922', 'LAURA PATRICIA', 'PONCE', 'LUNA', '', '', 'JESUS GOMEZ PORTUGAL', '', '4491248179', '2', '9', 90, 2, '', 81, '2019-04-05'),
(675, 80, 75, 67, '923', 'JOSE LUIS', 'POZOS', 'GARCIA', '', '', '', '', '', '2', '9', 90, 2, '', 81, '2019-04-05'),
(676, 80, 75, 67, '924', 'ARTURO', 'PRADO', 'PATIÑO', '', '', '', '', '', '2', '9', 90, 2, '', 81, '2019-04-05'),
(677, 80, 75, 67, '925', 'RICARDO', 'PUENTES', 'DE LOS SANTOS', '', '', 'CENTRO', '', '449-109-81-27', '2', '9', 90, 2, '', 81, '2019-04-05'),
(678, 80, 75, 67, '926', 'MARIA MAGDALENA', 'QUINTANILLA', 'JAIME', '', '', '', '', '', '2', '9', 90, 2, '', 81, '2019-04-05'),
(679, 80, 75, 67, '927', 'RODRIGO DE JESUS', 'RABAGO', 'PADILLA', '', '', 'TEPETATES', '', '4492805703', '2', '9', 90, 2, '', 81, '2019-04-05'),
(680, 80, 75, 67, '928', 'MA LETICIA', 'RAMIREZ', 'ALBA', '', '', 'EL LLANO', '', '4493476794', '2', '9', 90, 2, '', 81, '2019-04-05'),
(681, 80, 75, 67, '929', 'JUAN ERNESTO', 'RAMIREZ', 'DURON', '', '', 'LOMAS DEL VALLE', '', '4493397361', '2', '9', 90, 2, '', 81, '2019-04-05'),
(682, 80, 75, 67, '930', 'GERARDO', 'RAMIREZ', 'CASTRO', '', '', 'DEPORTIVA', '', '4492012793', '2', '9', 90, 2, '', 81, '2019-04-05'),
(683, 80, 75, 67, '931', 'BLANCA LETICIA', 'RAMIREZ', 'MEDINA', '', '', 'OJOS DE AGUA', '', '4491906477', '2', '9', 90, 2, '', 81, '2019-04-05'),
(684, 80, 75, 67, '932', 'JESUS', 'RAMIREZ', 'MONTES', '', '', 'COL CENTRO', '', '4493630730', '2', '9', 90, 2, '', 81, '2019-04-05'),
(685, 80, 75, 67, '933', 'JUAN JOSE', 'RAMIREZ', 'REYNOSO', '', '', 'TAPIAS VIEJAS', '', '4491012842', '2', '9', 90, 2, '', 81, '2019-04-05'),
(686, 80, 75, 67, '934', 'ROBERTO', 'RAMIREZ', 'PASILLAS', '', '', 'CENTRO', '', '4492444735', '2', '9', 90, 2, '', 81, '2019-04-05'),
(687, 80, 75, 67, '935', 'JOSE', 'RAMIREZ', 'GUERRERO', '', '', 'GENERAL IGNACIO ZARAGOZA', '', 'NO TIENE', '2', '9', 90, 2, '', 81, '2019-04-05'),
(688, 80, 75, 68, '936', 'DARIA', 'RAMIREZ', 'LOPEZ', '', '', 'GRAL IGNACIO ZARAGOZA', '', '4492122991', '2', '9', 90, 2, '', 81, '2019-04-05'),
(689, 80, 75, 68, '937', 'RICARDO', 'RAMIREZ', 'MEDINA', '', '', 'OJOS DE AGUA', '', '4492992713', '2', '9', 90, 2, '', 81, '2019-04-05'),
(690, 80, 75, 68, '938', 'JONATHAN', 'RAMIREZ', 'RIVERA', '', '', 'TEPETATES', '', '4492849429', '2', '9', 90, 2, '', 81, '2019-04-05'),
(691, 80, 75, 68, '939', 'J JESUS', 'RAMIREZ', 'MARTINEZ', '', '', 'SAN MIGUELITO', '', '4492440273', '2', '9', 90, 2, '', 81, '2019-04-05'),
(692, 80, 75, 68, '940', 'JOSE MANUEL', 'RAMIREZ', 'MONTES', '', '', 'EL LLANO', '', '', '2', '9', 90, 2, '', 81, '2019-04-05'),
(693, 80, 75, 68, '941', 'JOSEFINA', 'RAMIREZ', 'MONTES', '', '', 'EL LLANO', '', '4498981676', '2', '9', 90, 2, '', 81, '2019-04-05'),
(694, 80, 75, 68, '942', 'FLOR DE MARIA', 'RAMIREZ', 'VALLIN', '', '', 'TAPIAS VIEJAS', '', '4491234352', '2', '9', 90, 2, '', 81, '2019-04-05'),
(695, 80, 75, 68, '943', 'YESENIA DEL REFUGIO', 'RAMIREZ', 'VALLIN', '', '', 'TAPIAS VIEJAS', '', '4491433536', '2', '9', 90, 2, '', 81, '2019-04-05'),
(696, 80, 75, 68, '944', 'LIDIA', 'RAMIREZ', 'MARTINEZ', '', '', 'LAS CIENEGUITAS', '', '4492055358', '2', '9', 90, 2, '', 81, '2019-04-05'),
(697, 80, 75, 68, '945', 'JOSE DANIEL', 'RAMIREZ', 'DE LUNA', '', '', 'LADRILLERAS LOS ARQUITOS', '', '4491206194', '2', '9', 90, 2, '', 81, '2019-04-05'),
(698, 80, 75, 68, '946', 'LAURO', 'RAMOS', 'LEDEZMA', '', '', 'OJOS DE AGUA', '', '4491171684', '2', '9', 90, 2, '', 81, '2019-04-05'),
(699, 80, 76, 68, '947', 'ESPERANZA', 'RAMOS', 'DE LUNA', '', '', 'COL MARTINEZ ANDRADE', '', '4492984528', '2', '9', 90, 2, '', 81, '2019-04-05'),
(700, 80, 76, 68, '948', 'MA GUADALUPE', 'RAMOS', 'HERNANDEZ', '', '', 'TAPIAS VIEJAS', '', '4491873665', '2', '9', 90, 2, '', 81, '2019-04-05'),
(701, 80, 76, 68, '949', 'RAFAEL JAIR GERARDO', 'RAMOS', 'ZAVALA', '', '', 'FRACC TROJES DE SAN CRISTOBAL', '', '', '2', '9', 90, 2, '', 81, '2019-04-05'),
(702, 80, 76, 68, '950', 'MAYRA GRISEL', 'RAMOS ', 'RANGEL ', '', '', 'OJOS DE AGUA', '', '4491107150', '2', '9', 90, 2, '', 81, '2019-04-05'),
(703, 80, 76, 68, '951', 'MA PATRICIA', 'RANGEL', 'NAJERA', '', '', 'EL CALVARIO', '', '4492584772', '2', '9', 90, 2, '', 81, '2019-04-05'),
(704, 80, 76, 68, '952', 'MARIA DOLORES', 'RANGEL', 'REYES', '', '', 'LA LOMA', '', '4492560011', '2', '9', 90, 2, '', 81, '2019-04-05'),
(705, 80, 76, 68, '953', 'RODRIGO', 'RANGEL', 'REYES', '', '', '', '', '', '2', '9', 90, 2, '', 81, '2019-04-05'),
(706, 80, 76, 68, '954', 'TOMAS', 'RANGEL', 'ALTAMIRA ', '', '', 'COL CENTRO', '', '4493526736', '2', '9', 90, 2, '', 81, '2019-04-05'),
(707, 80, 76, 68, '955', 'LUIS ALEJANDRO', 'RANGEL', 'MAGDALENO', '', '', 'FRACC LOMAS DE JESUS MARIA', '', '4498942298', '2', '9', 90, 2, '', 81, '2019-04-05');
INSERT INTO `jugadores` (`id`, `id_usuario`, `id_seccional`, `id_zonal`, `identificador`, `nombre`, `a_paterno`, `a_materno`, `calle`, `numero`, `colonia`, `c_p`, `telefono`, `seccion`, `casilla`, `posibilidad`, `a_quien`, `edad`, `id_capturista`, `fecha_captura`) VALUES
(708, 80, 76, 68, '956', 'OSCAR', 'REVELES', 'DELGADO', '', '', 'ALCAZAR', '', '4491421266', '2', '9', 90, 2, '', 81, '2019-04-05'),
(709, 80, 76, 68, '957', 'GERARDO', 'REYES', 'ROMERO', '', '', 'PASEOS DE AGUASCALIENTES', '', '', '2', '9', 90, 2, '', 81, '2019-04-05'),
(710, 80, 76, 68, '958', 'JUAN MANUEL', 'REYES', 'CASTRO', '', '', 'LA FLORIDA', '', '449-276-13-31', '2', '9', 90, 2, '', 81, '2019-04-05'),
(711, 80, 76, 68, '959', 'ANTONIO', 'REYES', 'DAVILA', '', '', 'LA FLORIDA', '', '449-276-13-31', '2', '9', 90, 2, '', 81, '2019-04-05'),
(712, 80, 76, 68, '960', 'RAUL', 'REYES', 'FUENTES', '', '', 'TEPETATES', '', '4499013879', '2', '9', 90, 2, '', 81, '2019-04-05'),
(713, 80, 76, 68, '961', 'JOSE', 'REYES', 'DIAZ', '', '', 'COL CENTRO', '', '4499306456', '2', '9', 90, 2, '', 81, '2019-04-05'),
(714, 80, 76, 68, '962', 'MIGUEL', 'RIVERA', 'SANCHEZ', '', '', 'FRACC RDCIAL VILLA CAMPESTRE', '', '4492168176', '2', '9', 90, 2, '', 81, '2019-04-05'),
(715, 80, 76, 68, '963', 'ANTONIO', 'ROBLES', 'AVILA', '', '', 'GENERAL IGNACIO ZARAGOZA', '', '4492243929', '2', '9', 90, 2, '', 81, '2019-04-05'),
(716, 80, 76, 68, '964', 'NADIA JAZMIN', 'ROCHA', 'FLORES', '', '', 'MARTINEZ ANDRADE', '', '4492102766', '2', '9', 90, 2, '', 81, '2019-04-05'),
(717, 80, 76, 68, '965', 'SANDRA LIZETH', 'ROCHA', 'FLORES', '', '', 'MARTINEZ ANDRADE', '', '4491078146', '2', '9', 90, 2, '', 81, '2019-04-05'),
(718, 80, 76, 68, '966', 'GILBERTO', 'RODRIGUEZ', 'CHAVEZ', '', '', 'LAS JAULAS', '', '*0015055709361', '2', '9', 90, 2, '', 81, '2019-04-05'),
(719, 80, 76, 68, '967', 'SOCIMO', 'RODRIGUEZ', 'ISLAS', '', '', 'CHICAHUALES II', '', '4499991544', '2', '9', 90, 2, '', 81, '2019-04-05'),
(720, 80, 76, 68, '968', 'MARIBEL', 'RODRIGUEZ', 'ESQUEDA', '', '', 'COL CENTRO', '', '', '2', '9', 90, 2, '', 81, '2019-04-05'),
(721, 80, 76, 68, '969', 'MARIA REFUGIO', 'RODRIGUEZ', 'SUAREZ', '', '', 'FRACC LOMAS DEL VALLE', '', '4499404908', '2', '9', 90, 2, '', 81, '2019-04-05'),
(722, 80, 76, 68, '970', 'J. ISABEL', 'RODRIGUEZ', 'CAJERO', '', '', 'GRANJA MIRAVALLE', '', '4492106118', '2', '9', 90, 2, '', 81, '2019-04-05'),
(723, 80, 76, 68, '971', 'IRENE', 'RODRIGUEZ', 'MEDINA', '', '', 'COL OJOS DE AGUA', '', '4493934953', '2', '9', 90, 2, '', 81, '2019-04-05'),
(724, 80, 76, 68, '972', 'ROBERTO', 'RODRIGUEZ', 'SANDOVAL', '', '', 'FRACC PASEOS DE LAS HACIENDAS', '', '', '2', '9', 90, 2, '', 81, '2019-04-05'),
(725, 80, 76, 68, '973', 'FRANCISCO ALEJANDRO', 'RODRIGUEZ', 'MARTINEZ', '', '', '', '', '', '2', '9', 90, 2, '', 81, '2019-04-05'),
(726, 80, 76, 68, '974', 'ANA LUCIA', 'RODRIGUEZ', 'PEREZ', '', '', '', '', '', '2', '9', 90, 2, '', 81, '2019-04-05'),
(727, 80, 76, 68, '975', 'JULIA', 'ROJAS', 'ZAMORA', '', '', 'MILPILLAS DE ABAJO', '', '', '2', '9', 90, 2, '', 81, '2019-04-05'),
(728, 80, 76, 68, '976', 'JAIME', 'ROMERO', 'SAUCEDO', '', '', 'FRACC SATURNINO HERRAN', '', '4491969911', '2', '9', 90, 2, '', 81, '2019-04-05'),
(729, 80, 76, 68, '977', 'MARGARITA DE JESUS', 'ROMO', 'DE LA CRUZ', '', '', 'TEPETATES', '', '4493471034', '2', '9', 90, 2, '', 81, '2019-04-05'),
(730, 80, 76, 68, '978', 'SALVADOR', 'ROMO', 'ZAMARRIPA', '', '', 'EL LLANO', '', '4491894339', '2', '9', 90, 2, '', 81, '2019-04-05'),
(731, 80, 76, 68, '979', 'SANJUANA', 'ROMO', 'MACIAS', '', '', 'CORRAL DE BARRANCOS', '', '4492115073', '2', '9', 90, 2, '', 81, '2019-04-05'),
(732, 80, 76, 68, '980', 'MA GUADALUPE', 'ROSALES', 'ACOSTA', '', '', 'VILLAS DE GUADALUPE', '', '449-178-68-00', '2', '9', 90, 2, '', 81, '2019-04-05'),
(733, 80, 76, 68, '981', 'SAN JUANA', 'ROSALEZ', 'ACOSTA', '', '', 'VALLADOLID', '', '4491429865', '2', '9', 90, 2, '', 81, '2019-04-05'),
(734, 80, 76, 68, '982', 'MARISELA', 'RUELAS', 'SILVA', '', '', 'SAN ISIDRO', '', '4493299668', '2', '9', 90, 2, '', 81, '2019-04-05'),
(735, 80, 76, 68, '983', 'MIGUEL', 'RUIZ', 'MEDINA', '', '', 'EL CENIZO', '', '4491675176', '2', '9', 90, 2, '', 81, '2019-04-05'),
(736, 80, 76, 68, '984', 'JENNY', 'RUIZ', 'ORNELAS', '', '', '', '', '', '2', '9', 90, 2, '', 81, '2019-04-05'),
(737, 80, 76, 68, '985', 'SILVIA SUSANA', 'RUIZ ESPARZA', 'ZUBIA', '', '', 'TAPIAS VIEJAS', '', '4492434955', '2', '9', 90, 2, '', 81, '2019-04-05'),
(738, 80, 76, 68, '986', 'MA. GUADALUPE', 'RUIZ ESPARZA', 'FEMAT', '', '', 'VALLADOLID', '', '4493451708', '2', '9', 90, 2, '', 81, '2019-04-05'),
(739, 80, 76, 68, '987', 'MANUELA', 'RUVALCABA', 'BALTAZAR', '', '', 'LOS JUAREZ', '', '4491867417', '2', '9', 90, 2, '', 81, '2019-04-05'),
(740, 80, 76, 68, '988', 'ALEJANDRO EDUARDO', 'SALADO', 'MARTINEZ', '', '', 'FRACC PASEOS DE AGUASCALIENTES', '', '4491050414', '2', '9', 90, 2, '', 81, '2019-04-05'),
(741, 80, 76, 68, '989', 'JOSE FRANCISCO JAVIER', 'SALAS', 'CHAVEZ', '', '', 'LOMAS DE JESUS MARIA', '', '4491449560', '2', '9', 90, 2, '', 81, '2019-04-05'),
(742, 80, 76, 68, '990', 'SERGIO', 'SALAS', 'ORTIZ', '', '', '', '', '', '2', '9', 90, 2, '', 81, '2019-04-05'),
(743, 80, 76, 68, '991', 'ERIKA', 'SALAZAR', 'NUÑO', '', '', 'FRACC LAS PALMAS', '', '4498040086', '2', '9', 90, 2, '', 81, '2019-04-05'),
(744, 80, 76, 68, '992', 'FLOR SILVESTRE', 'SALAZAR', 'GAMBOA', '', '', 'FRACC SOLAR DE JONACATIQUE', '', '4493263823', '2', '9', 90, 2, '', 81, '2019-04-05'),
(745, 80, 76, 68, '993', 'JOSE ANTONIO', 'SANCHES', 'MALDONADO', '', '', 'COL EL TORITO', '', '4492065466', '2', '9', 90, 2, '', 81, '2019-04-05'),
(746, 80, 76, 68, '994', 'SILVIA MARIA SARELY', 'SANCHEZ', 'FLORES', '', '', 'MARTINEZ ANDRADE', '', '4492032842', '2', '9', 90, 2, '', 81, '2019-04-05'),
(747, 80, 76, 68, '995', 'ISRAEL', 'SANCHEZ', 'RIVERA', '', '', 'FRACC SOLIDARIDAD', '', '4491287006', '2', '9', 90, 2, '', 81, '2019-04-05'),
(748, 80, 76, 68, '996', 'JULIO CESAR', 'SANCHEZ', 'LEDESMA', '', '', 'ESCALERA', '', '4491017693', '2', '9', 90, 2, '', 81, '2019-04-05'),
(749, 80, 76, 68, '997', 'JORGE IGNACIO', 'SANCHEZ', 'RODRIGUEZ', '', '', 'VILLAS DE GUADALUPE', '', '449-118-78-92', '2', '9', 90, 2, '', 81, '2019-04-05'),
(750, 80, 76, 68, '998', 'MONICA EILEENE', 'SANCHEZ', 'ARANA', '', '', 'FRACC RDCIAL VILLA CAMPESTRE', '', '4493524767', '2', '9', 90, 2, '', 81, '2019-04-05'),
(751, 80, 76, 68, '999', 'RAUL', 'SANCHEZ', 'VALLEJO', '', '', 'FRACC RDCIAL VILLA CAMPESTRE', '', '4498906303', '2', '9', 90, 2, '', 81, '2019-04-05'),
(752, 80, 76, 68, '1000', 'HUGO', 'SANCHEZ', 'RAMIREZ', '', '', 'LAS CIENEGUITAS', '', '4499802070', '2', '9', 90, 2, '', 81, '2019-04-05'),
(753, 80, 76, 68, '1001', 'MAYRA JANETH', 'SANCHEZ', 'DE LA TORRE', '', '', '', '', '', '2', '9', 90, 2, '', 81, '2019-04-05'),
(754, 80, 76, 68, '1002', 'MA DEL ROSARIO', 'SANDOVAL', 'MUÑOZ', '', '', 'CENTRO', '', '4491101215 ES DE SU HIJA', '2', '9', 90, 2, '', 81, '2019-04-05'),
(755, 80, 76, 68, '1003', 'NEIVA LILIANA', 'SANDOVAL', 'RODRIGUEZ', '', '', 'CORRAL DE BARRACOS', '', '4499995658', '2', '9', 90, 2, '', 81, '2019-04-05'),
(756, 80, 76, 68, '1004', 'GRISELDA ARACELI', 'SAUCEDO', 'ZAMARRIPA', '', '', 'COL ESCALERA', '', '4491826715', '2', '9', 90, 2, '', 81, '2019-04-05'),
(757, 80, 76, 68, '1005', 'ARTURO', 'SAUCEDO', 'MARQUEZ', '', '', 'VALLE DE MARGARITAS', '', '4491827350', '2', '9', 90, 2, '', 81, '2019-04-05'),
(758, 80, 76, 68, '1006', 'ROMMEL FERNANDO', 'SEGOVIA', 'MONTOYA', '', '', 'FRACC CHICAHUALES II', '', '4494671464', '2', '9', 90, 2, '', 81, '2019-04-05'),
(759, 80, 76, 68, '1007', 'IRVING ISRAEL', 'SERNA', 'PADILLA', '', '', 'PUERTA DEL LLANO', '', '4491804279', '2', '9', 90, 2, '', 81, '2019-04-05'),
(760, 80, 76, 68, '1008', 'JUAN CARLOS', 'SERNA', 'PADILLA', '', '', 'LOC SAN ISIDRO', '', '4493299668', '2', '9', 90, 2, '', 81, '2019-04-05'),
(761, 80, 76, 68, '1009', 'RAUL ANTONIO', 'SERNA', 'RAMOS', '', '', 'PUERTA DEL LLANO', '', '6647319276', '2', '9', 90, 2, '', 81, '2019-04-05'),
(762, 80, 76, 68, '1010', 'JESUS ALEJANDRO', 'SERNA', 'ARMAS', '', '', 'GRAL IGNACIO ZARAGOZA', '', '4498058385', '2', '9', 90, 2, '', 81, '2019-04-05'),
(763, 80, 76, 68, '1011', 'MA HERMILA', 'SILVA', 'ONTIVEROS', '', '', 'CENTRO', '', '4491569315', '2', '9', 90, 2, '', 81, '2019-04-05'),
(764, 80, 76, 68, '1012', 'MA DEL CARMEN', 'SOSA', 'RAMIREZ', '', '', 'LAS JAULAS', '', '4492282064', '2', '10', 90, 2, '', 81, '2019-04-05'),
(765, 80, 76, 68, '1013', 'J JESUS', 'SUARES', 'FLORES', '', '', 'COL CENTRO', '', '4493992205 ES DE SU HIJA', '2', '10', 90, 2, '', 81, '2019-04-05'),
(766, 80, 76, 68, '1014', 'ESTHER', 'SUAREZ', 'MORENO', '', '', 'COL GREGORIO ZAMARRIPA DELGADO', '', '4498983913', '2', '10', 90, 2, '', 81, '2019-04-05'),
(767, 80, 76, 68, '1015', 'RAUL', 'SUAREZ', 'GARCIA', '', '', 'FRACC LA TROJE', '', '4491652789', '2', '10', 90, 2, '', 81, '2019-04-05'),
(768, 80, 76, 68, '1016', 'MARTIN', 'SUAREZ', 'IBARRA', '', '', 'MARAVILLAS', '', '', '2', '10', 90, 2, '', 81, '2019-04-05'),
(769, 80, 76, 68, '1017', 'RAFAEL ANGEL', 'SUAREZ', 'IBARRA', '', '', 'MARAVILLAS', '', '4492303565', '2', '10', 90, 2, '', 81, '2019-04-05'),
(770, 80, 76, 68, '1018', 'MA VIRGINIA', 'SUAREZ', 'RAMIREZ', '', '', 'EL LLANO', '', '4491285719', '2', '10', 90, 2, '', 81, '2019-04-05'),
(771, 80, 76, 68, '1019', 'SANDRA', 'SUAREZ', 'ORTEGA', '', '', 'MARAVILLAS', '', '4493947984', '2', '10', 90, 2, '', 81, '2019-04-05'),
(772, 80, 76, 68, '1020', 'ADOLFO', 'SUAREZ', 'RAMIREZ', '', '', 'CENTRO', '', '4491721160', '2', '10', 90, 2, '', 81, '2019-04-05'),
(773, 80, 76, 68, '1021', 'MANUEL', 'SUAREZ', 'VALDEZ', '', '', 'TEPETATES', '', '4495488888', '2', '10', 90, 2, '', 81, '2019-04-05'),
(774, 80, 76, 68, '1022', 'MANUEL', 'SUAREZ', 'DE LUNA', '', '', 'EL LLANO', '', '4492065471', '2', '10', 90, 2, '', 81, '2019-04-05'),
(775, 80, 76, 68, '1023', 'JOSE JOEL', 'SUAREZ', 'RAMIREZ', '', '', 'EL LLANO', '', '4492100062', '2', '10', 90, 2, '', 81, '2019-04-05'),
(776, 80, 76, 68, '1024', 'LIDIA', 'SUAREZ', 'RAMIREZ', '', '', 'EL LLANO', '', '4492065471', '2', '10', 90, 2, '', 81, '2019-04-05'),
(777, 80, 76, 68, '1025', 'MANUEL SAUL', 'SUAREZ', 'RAMIREZ', '', '', 'CORRAL DE BARRANCOS', '', '4491721231', '2', '10', 90, 2, '', 81, '2019-04-05'),
(778, 80, 76, 68, '1026', 'NANCY CAROLINA', 'SUAREZ', 'ROMO', '', '', 'CORRAL DE BARRANCOS', '', '4492115073', '2', '10', 90, 2, '', 81, '2019-04-05'),
(779, 80, 76, 68, '1027', 'SONIA ', 'SUAREZ ', 'ORTEGA', '', '', 'MARAVILLAS', '', '', '2', '10', 90, 2, '', 81, '2019-04-05'),
(780, 80, 76, 68, '1028', 'ERIKA VANESSA', 'TAPIA', 'ROJAS', '', '', 'COL LAS PALMAS', '', '4491141847', '2', '10', 90, 2, '', 81, '2019-04-05'),
(781, 80, 76, 68, '1029', 'BLANCA ARACELI', 'TELLEZ', 'RAMIREZ', '', '', 'LOS ARROYITOS', '', '4492620861', '2', '10', 90, 2, '', 81, '2019-04-05'),
(782, 80, 76, 68, '1030', 'SERGIO ARTURO', 'TELLO', 'RUIZ', '', '', 'TROJES SAN CRISTOBAL', '', '4492157090', '2', '10', 90, 2, '', 81, '2019-04-05'),
(783, 80, 76, 68, '1031', 'LUIS FERNANDO', 'TISCAREÑO', 'RODRIGUEZ', '', '', 'CORRAL DE BARRANCO', '', '4493521832', '2', '10', 90, 2, '', 81, '2019-04-05'),
(784, 80, 76, 68, '1032', 'ROBERTO', 'TORRES', 'NIETO', '', '', 'EL CALVARIO', '', '4492584772', '2', '10', 90, 2, '', 81, '2019-04-05'),
(785, 80, 76, 68, '1033', 'JOSE ROBERTO', 'TORRES', 'RANGEL', '', '', 'EL CALVARIO', '', '4491380299', '2', '10', 90, 2, '', 81, '2019-04-05'),
(786, 80, 76, 68, '1034', 'NORMA ANGELICA', 'TORRES', 'RANGEL', '', '', 'EL CALVARIO', '', '4494605526', '2', '10', 90, 2, '', 81, '2019-04-05'),
(787, 80, 76, 68, '1035', 'ANGELICA', 'TORRES', 'URZUA', '', '', 'LOS VAZQUEZ', '', '449-344-88-27', '2', '10', 90, 2, '', 81, '2019-04-05'),
(788, 80, 76, 68, '1036', 'FRANCISCO', 'TORRES', 'URZUA', '', '', 'LOS RAMIREZ', '', '4491836956', '2', '10', 90, 2, '', 81, '2019-04-05'),
(789, 80, 76, 68, '1037', 'TERESA', 'TORRES', 'HERNANDEZ', '', '', 'PASO BLANCO', '', '4492833120', '2', '10', 90, 2, '', 81, '2019-04-05'),
(790, 80, 76, 68, '1038', 'EPIFANIO', 'TORRES', 'CAMARILLO', '', '', 'JESUS GOMEZ PORTUGAL ORIENTE', '', '', '2', '10', 90, 2, '', 81, '2019-04-05'),
(791, 80, 76, 68, '1039', 'FRANCISCO', 'TORRES', 'CAMARILLO', '', '', 'JESUS GOMEZ PORTUGAL ORIENTE', '', '4492141735', '2', '10', 90, 2, '', 81, '2019-04-05'),
(792, 80, 76, 68, '1040', 'MARTIN', 'TORRES', 'ZUÑIGA', '', '', 'JESUS GOMEZ PORTUGAL ORIENTE', '', '4490001310', '2', '10', 90, 2, '', 81, '2019-04-05'),
(793, 80, 76, 68, '1041', 'ROSA ISELA', 'TORRES', 'VALENZUELA', '', '', 'SOLAR DE JONACATIQUE', '', '4491061909', '2', '10', 90, 2, '', 81, '2019-04-05'),
(794, 80, 76, 68, '1042', 'MARIA DOLORES', 'TORRES', 'VALENZUELA', '', '', 'FRACC LOMAS DE JESUS MARIA', '', '4492690721', '2', '10', 90, 2, '', 81, '2019-04-05'),
(795, 80, 76, 68, '1043', 'REFUGIO', 'TORRES ', 'BRIANO', '', '', 'COL ESCALERA', '', '4492833608', '2', '10', 90, 2, '', 81, '2019-04-05'),
(796, 80, 76, 68, '1044', 'CARLOS ALBERTO', 'TRISTAN', 'ESPINO', '', '', 'PASEOS DE AGUASCALIENTES', '', '449-911-10-91', '2', '10', 90, 2, '', 81, '2019-04-05'),
(797, 80, 76, 68, '1045', 'MARTHA', 'TRONCOSO', 'ESPARZA', '', '', 'FRACC VALLE DE MARGARITAS', '', '4495528746', '2', '10', 90, 2, '', 81, '2019-04-05'),
(798, 80, 76, 68, '1046', 'FLORENTINA', 'TRUJILLO', 'LARA', '', '', 'COL MARTINEZ ANDRADE', '', '4492879377', '2', '10', 90, 2, '', 81, '2019-04-05'),
(799, 80, 76, 68, '1047', 'MARTIN', 'TRUJILLO', 'LARA', '', '', 'COL MARTINEZ ANDRADE', '', '4492879377', '2', '10', 90, 2, '', 81, '2019-04-05'),
(800, 80, 77, 68, '1048', 'JUAN PABLO', 'UGARTE', 'TIRADO', '', '', 'FRACC SOLAR DE JONACATIQUE', '', '4499508897', '2', '10', 90, 2, '', 81, '2019-04-05'),
(801, 80, 77, 68, '1049', 'MA GUADALUPE', 'URRUTIA', 'GARCIA', '', '', 'PASO BLANCO', '', '449-366-75-92', '2', '10', 90, 2, '', 81, '2019-04-05'),
(802, 80, 77, 68, '1050', 'J LUZ', 'URRUTIA', 'GONZALEZ', '', '', 'PASEOS GOMEZ PORTUGAL', '', '4493373877', '2', '10', 90, 2, '', 81, '2019-04-05'),
(803, 80, 77, 68, '1051', 'LAURA ALEJANDRA', 'VALADEZ', 'PONCE', '', '', 'COL JESUS GOMEZ PORTUGAL ORIENTE', '', '4492900910', '2', '10', 90, 2, '', 81, '2019-04-05'),
(804, 80, 77, 68, '1052', 'GRICELDA', 'VALDEZ', 'ALBA', '', '', 'LOS ARROYITOS', '', '449-106-11-05', '2', '10', 90, 2, '', 81, '2019-04-05'),
(805, 80, 77, 68, '1053', 'GRACIELA', 'VALDEZ', 'ALBA', '', '', 'CENTRO', '', '4491019080', '2', '10', 90, 2, '', 81, '2019-04-05'),
(806, 80, 77, 68, '1054', 'LEONARDO', 'VALDEZ', 'MARTINEZ', '', '', 'MANANTIALES DEL PINAR', '', '', '2', '10', 90, 2, '', 81, '2019-04-05'),
(807, 80, 77, 68, '1055', 'MA REFUGIO', 'VALDEZ', 'SANCHEZ', '', '', 'COL CENTRO', '', '4494153038', '2', '10', 90, 2, '', 81, '2019-04-05'),
(808, 80, 77, 68, '1056', 'JOSE', 'VALDEZ', 'SIGALA', '', '', 'GNACIO ZARAGOZA VENADERO', '', '4491024728', '2', '10', 90, 2, '', 81, '2019-04-05'),
(809, 80, 77, 68, '1057', 'ROSA MARIA', 'VALDIVIA', 'GONZALEZ', '', '', 'COL OJOS DE AGUA', '', '', '2', '10', 90, 2, '', 81, '2019-04-05'),
(810, 80, 77, 68, '1058', 'MARIA', 'VALLIN', 'LUNA', '', '', 'LOC TAPIAS VIEJAS', '', '4491234352', '2', '10', 90, 2, '', 81, '2019-04-05'),
(811, 80, 77, 68, '1059', 'ANGELICA ISABEL', 'VALTIERRA', 'ORTIZ', '', '', 'IGNACIO ZARAGOZA', '', '4492839379', '2', '10', 90, 2, '', 81, '2019-04-05'),
(812, 80, 77, 68, '1060', 'LUIS FERNANDO', 'VALTIERRA', 'ORTIZ', '', '', 'GRAL IGNACIO ZARAGOZA', '', '4498908401', '2', '10', 90, 2, '', 81, '2019-04-05'),
(813, 80, 77, 68, '1061', 'J JESUS', 'VALTIERRA', 'DIAZ', '', '', 'GRAL IGNACIO ZARAGOZA', '', '4495543618', '2', '10', 90, 2, '', 81, '2019-04-05'),
(814, 80, 77, 68, '1062', 'MELISSA LIZETH', 'VALTIERRA', 'GONZALEZ', '', '', 'IGNACIO ZARAGOZA', '', '4499087516', '2', '10', 90, 2, '', 81, '2019-04-05'),
(815, 80, 77, 68, '1063', 'EVELIN JANETTE', 'VALTIERRA', 'MUÑOZ', '', '', 'IGNACIO ZARAGOZA', '', '4495540908', '2', '10', 90, 2, '', 81, '2019-04-05'),
(816, 80, 77, 68, '1064', 'OSCAR FERNANDO', 'VALTIERRA', 'MUÑOZ', '', '', 'IGNACIO ZARAGOZA', '', '4491190624', '2', '10', 90, 2, '', 81, '2019-04-05'),
(817, 80, 77, 68, '1065', 'WENDY ZULEMA', 'VALTIERRA', 'ORTIZ', '', '', 'IGNACIO ZARAGOZA', '', '4492014751', '2', '10', 90, 2, '', 81, '2019-04-05'),
(818, 80, 77, 68, '1066', 'ENRIQUE', 'VALTIERRA', 'PEREZ', '', '', 'GRAL IGNACIO ZARAGOZA', '', '4491980939', '2', '10', 90, 2, '', 81, '2019-04-05'),
(819, 80, 77, 68, '1067', 'EVERARDO', 'VALTIERRA', 'PEREZ', '', '', 'IGNACIO ZARGOZA', '', '4491832084', '2', '10', 90, 2, '', 81, '2019-04-05'),
(820, 80, 77, 68, '1068', 'J GUADALUPE', 'VALTIERRA', 'PEREZ', '', '', 'GENERAL IGNACIO ZARAGOZA', '', '4491977724', '2', '10', 90, 2, '', 81, '2019-04-05'),
(821, 80, 77, 68, '1069', 'RUBEN', 'VALTIERRA', 'ZERMEÑO', '', '', 'GRAL IGNACIO ZARAGOZA', '', '4493955084', '2', '10', 90, 2, '', 81, '2019-04-05'),
(822, 80, 77, 68, '1070', 'HECTOR HUGO', 'VARGAS', 'ROSADO', '', '', 'LA CUESTA', '', '4492737217', '2', '10', 90, 2, '', 81, '2019-04-05'),
(823, 80, 77, 68, '1071', 'MA LUISA', 'VASQUEZ', 'MARTINEZ', '', '', 'CENTRO', '', '', '2', '10', 90, 2, '', 81, '2019-04-05'),
(824, 80, 77, 68, '1072', 'MARIA DEL PILAR', 'VASQUEZ', 'LOPEZ', '', '', 'PASO BLANCO', '', '4493444067', '2', '10', 90, 2, '', 81, '2019-04-05'),
(825, 80, 77, 68, '1073', 'ADRIANA', 'VAZQUEZ', 'RAMIREZ', '', '', 'LOS VAZQUEZ', '', '4492798085', '2', '10', 90, 2, '', 81, '2019-04-05'),
(826, 80, 77, 68, '1074', 'ARACELI', 'VAZQUEZ', 'ROJAS', '', '', '', '', '', '2', '10', 90, 2, '', 81, '2019-04-05'),
(827, 80, 77, 68, '1075', 'NORMA ANGELICA', 'VAZQUEZ', 'FLORES', '', '', 'SOLAR DE JONACATIQUE', '', '4491867022', '2', '10', 90, 2, '', 81, '2019-04-05'),
(828, 80, 77, 68, '1076', 'MARIA GUADALUPE', 'VELASCO', 'ESPARZA', '', '', 'TAPIAS VIEJAS', '', '4492246895', '2', '10', 90, 2, '', 81, '2019-04-05'),
(829, 80, 77, 68, '1077', 'MA ASUCENA', 'VELASCO', 'VELASCO', '', '', 'PUERTA DEL LLANO', '', '4491804279', '2', '10', 90, 2, '', 81, '2019-04-05'),
(830, 80, 77, 68, '1078', 'SERGIO', 'VELAZQUEZ', 'PALOMAR', '', '', 'COL CENTRO JESUS GOMEZ PORTUGAL', '', '4498073944', '2', '10', 90, 2, '', 81, '2019-04-05'),
(831, 80, 77, 68, '1079', 'OMAR', 'VELAZQUEZ', 'CARMONA', '', '', 'BENIGNO CHAVEZ', '', '4498986639', '2', '10', 90, 2, '', 81, '2019-04-05'),
(832, 80, 77, 68, '1080', 'MARIA DEL ROSARIO', 'VERA', 'RODRIGUEZ', '', '', 'LOMA ALTA', '', '4491127733', '2', '10', 90, 2, '', 81, '2019-04-05'),
(833, 80, 77, 68, '1081', 'MARIA', 'VERDIN', 'MENDEZ', '', '', 'LOS ARROYITOS', '', '4491104990', '2', '10', 90, 2, '', 81, '2019-04-05'),
(834, 80, 77, 68, '1082', 'DAVID', 'VILLALOBOS', 'VELASCO', '', '', 'LOS ARROYITOS', '', '4493453870', '2', '10', 90, 2, '', 81, '2019-04-05'),
(835, 80, 77, 68, '1083', 'MA JESUS', 'VILLALOBOS', 'DELGADO', '', '', 'PASO BLANCO', '', '4492229175', '2', '10', 90, 2, '', 81, '2019-04-05'),
(836, 80, 77, 68, '1084', 'ABEL ARMANDO', 'VILLALOBOS', 'DE LA CRUZ', '', '', 'LOS RAMIREZ', '', '4493297525', '2', '10', 90, 2, '', 81, '2019-04-05'),
(837, 80, 77, 68, '1085', 'CESAR AUGUSTO', 'VILLALOBOS', 'DE LA CRUZ', '', '', 'LOS RAMIREZ ', '', '449-329-75-76', '2', '10', 90, 2, '', 81, '2019-04-05'),
(838, 80, 77, 68, '1086', 'ROBERTO', 'VILLALOBOS', 'MALDONADO', '', '', 'EL MAGUEY', '', '4492229175', '2', '10', 90, 2, '', 81, '2019-04-05'),
(839, 80, 77, 68, '1087', 'VICTOR', 'VILLALOBOS', 'MALDONADO', '', '', 'EL MAGUEY', '', '4491950317', '2', '10', 90, 2, '', 81, '2019-04-05'),
(840, 80, 77, 68, '1088', 'JOSE LUIS', 'VILLALPANDO', 'ESPARZA', '', '', 'SOLIDARIDAD', '', '4491541690', '2', '10', 90, 2, '', 81, '2019-04-05'),
(841, 80, 77, 68, '1089', 'ROSAURA', 'VILLALPANDO', 'TORRES ', '', '', 'CHICAHUALES I', '', '', '2', '10', 90, 2, '', 81, '2019-04-05'),
(842, 80, 77, 68, '1090', 'MA REYES', 'VILLARREAL', 'ESPARZA', '', '', 'CAÑADA DEL RODEO', '', '4491001870 ES DE UN FAMILIAR', '2', '10', 90, 2, '', 81, '2019-04-05'),
(843, 80, 77, 68, '1091', 'BRAULIA', 'VILLARREAL', 'RUIZ', '', '', 'PIEDRAS NEGRAS', '', '4491804685', '2', '10', 90, 2, '', 81, '2019-04-05'),
(844, 80, 77, 68, '1092', 'VERONICA ', 'VILLEGAS ', 'MARTINEZ ', '', '', 'CORRAL DE BARRANCOS', '', '4499304178', '2', '10', 90, 2, '', 81, '2019-04-05'),
(845, 80, 77, 68, '1093', 'ANTONIA LUCIA', 'XX', 'TRUJILLO', '', '', 'COL MARTINEZ ANDRADE', '', '4492879377', '2', '10', 90, 2, '', 81, '2019-04-05'),
(846, 80, 77, 68, '1094', 'JOSE DE JESUS', 'XX', 'VALDIVIA', '', '', 'LOS VAZQUEZ', '', '4491474173', '2', '10', 90, 2, '', 81, '2019-04-05'),
(847, 80, 77, 68, '1095', 'JUAN', 'XX', 'JUAREZ', '', '', 'LOS VAZQUEZ', '', '', '2', '10', 90, 2, '', 81, '2019-04-05'),
(848, 80, 77, 68, '1096', 'GUSTAVO', 'XX', 'VILLANUEVA', '', '', 'ESCALERA', '', '4491371439', '2', '10', 90, 2, '', 81, '2019-04-05'),
(849, 80, 77, 68, '1097', 'FERNANDO EMMANUEL', 'XX', 'MARTINEZ', '', '', 'MARAVILLAS', '', '4492128461', '2', '10', 90, 2, '', 81, '2019-04-05'),
(850, 80, 77, 68, '1098', 'MA ELVIA', 'XX', 'BRIONEZ', '', '', 'COL CENTRO', '', '4498048772', '2', '10', 90, 2, '', 81, '2019-04-05'),
(851, 80, 77, 68, '1099', 'MA GUADALUPE', 'XX', 'RAMIREZ', '', '', 'LAS CIENEGUITAS', '', '4491126913', '2', '10', 90, 2, '', 81, '2019-04-05'),
(852, 80, 77, 68, '1100', 'FLOR DE MARIA', 'ZAVALA', 'SOTO', '', '', 'FRACC MISION DE SANTA  MARIA', '', '', '2', '10', 90, 2, '', 81, '2019-04-05'),
(853, 80, 77, 68, '1101', 'MA DEL ROSARIO', 'ZUÑIGA', 'OLVERA', '', '', 'JESUS GOMEZ PORTUGAL ORIENTE', '', '4495531308', '2', '10', 90, 2, '', 81, '2019-04-05'),
(854, 10, 75, 66, 'Iste voluptatem nost', 'Cupidatat odio enim ', 'Facere et irure quia', 'Est ut consequat M', 'Qui unde quam aut ve', '92', 'Facilis anim similiq', 'Maiores quasi irure ', 'Unde sunt aliquam e', 'Consec', '', 90, 2, '21', 81, '2019-04-05'),
(855, 61, 70, 65, 'Aliqua Ut quas non ', 'Ad explicabo Qui is', 'Corporis quia maiore', 'Dolore praesentium d', 'Eligendi eius laboru', '85', 'Magnam voluptate fug', 'Excepteur nulla expl', 'Quis mollitia adipis', 'Repudi', '10', 90, 2, '5', 81, '2019-04-05'),
(856, 2, 69, 66, 'lol321654987', 'mayra', 'mtz', 'gtz', 'los olmos', '101', 'mara13', '20900', '4449995555', '1021', '10', 90, 2, '1994/09/20', 2, '2019-04-05'),
(857, 81, 69, 65, 'eqwdcdasdas', 'eleazar', 'cortez', 'mtz', 'conocido', '321312312312', 'centro', '20112', '32323232', '12', '10', 90, 2, '2019/04/09', 81, '2019-04-05');

-- --------------------------------------------------------

--
-- Table structure for table `lider`
--

CREATE TABLE `lider` (
  `id` int(11) NOT NULL,
  `id_usuario` int(11) NOT NULL
) ENGINE=InnoDB DEFAULT CHARSET=utf8 COLLATE=utf8_spanish2_ci;

-- --------------------------------------------------------

--
-- Table structure for table `seccion_usuario`
--

CREATE TABLE `seccion_usuario` (
  `id` int(11) NOT NULL,
  `id_usuario` int(11) NOT NULL,
  `seccion` int(11) NOT NULL
) ENGINE=InnoDB DEFAULT CHARSET=utf8 COLLATE=utf8_spanish2_ci;

-- --------------------------------------------------------

--
-- Table structure for table `tipo_usuario`
--

CREATE TABLE `tipo_usuario` (
  `id_tipo_usuario` int(11) NOT NULL,
  `tipo_usuario` varchar(100) COLLATE utf8_spanish2_ci NOT NULL,
  `status` date DEFAULT NULL
) ENGINE=InnoDB DEFAULT CHARSET=utf8 COLLATE=utf8_spanish2_ci;

--
-- Dumping data for table `tipo_usuario`
--

INSERT INTO `tipo_usuario` (`id_tipo_usuario`, `tipo_usuario`, `status`) VALUES
(1, 'Super Administrador', NULL),
(2, 'Administrador', NULL),
(3, 'Capturista', NULL),
(4, 'Seccional', NULL),
(5, 'Zonal', NULL),
(6, 'Capturista Jugadores', NULL);

-- --------------------------------------------------------

--
-- Table structure for table `usuarios`
--

CREATE TABLE `usuarios` (
  `id_usuario` int(11) NOT NULL,
  `nombre_usuario` varchar(100) COLLATE utf8_spanish2_ci NOT NULL,
  `telefono` varchar(10) COLLATE utf8_spanish2_ci NOT NULL,
  `usuario` varchar(25) COLLATE utf8_spanish2_ci NOT NULL,
  `password` varchar(50) COLLATE utf8_spanish2_ci NOT NULL,
  `id_tipo_usuario` int(11) NOT NULL,
  `status` datetime DEFAULT NULL
) ENGINE=InnoDB DEFAULT CHARSET=utf8 COLLATE=utf8_spanish2_ci;

--
-- Dumping data for table `usuarios`
--

INSERT INTO `usuarios` (`id_usuario`, `nombre_usuario`, `telefono`, `usuario`, `password`, `id_tipo_usuario`, `status`) VALUES
(1, 'SUPER ADMIN', '449123456', 'soporte', '07ea4bfae142a9191cf78d9909c5e508', 1, NULL),
(2, 'Administrador', '4496789012', 'admin', '838b543b67bddf63b81c24da70f98fff', 1, NULL),
(3, 'usuario seccion 1', '4493456789', 'seccion1', '29fc1137c5f47e7f93fe88f99ccba263', 3, NULL),
(4, 'usuario seccion 2', '4490123456', 'seccion2', '32c70ed7388704866b7362765cb6ff22', 3, NULL),
(5, 'usuario seccion 3', '4497890123', 'seccion3', '62dce70242e991eb80821d3a55934846', 3, NULL),
(6, 'Francisco', '4494567890', 'paco', 'e10adc3949ba59abbe56e057f20f883e', 1, NULL),
(7, 'abraham', '4491234567', 'abraham', 'e10adc3949ba59abbe56e057f20f883e', 3, NULL),
(8, 'jonathan', '4498901234', 'jonathan', 'e10adc3949ba59abbe56e057f20f883e', 3, NULL),
(9, 'blanca', '4495678901', 'blanca', 'e10adc3949ba59abbe56e057f20f883e', 3, NULL),
(10, 'josees', '', 'josees', '90830c77b06980a76ff9ff3459bbf45e', 2, NULL),
(11, 'ARCELIA ', '', 'ARCELIA ', 'e10adc3949ba59abbe56e057f20f883e', 3, NULL),
(12, 'ARQUI ', '', 'ARQUI ', 'e10adc3949ba59abbe56e057f20f883e', 1, NULL),
(13, 'BETTY LOPEZ', '', 'BETTY LOPEZ', 'e10adc3949ba59abbe56e057f20f883e', 3, NULL),
(14, 'CESAR GARCIA', '', 'CESAR GARCIA', 'e10adc3949ba59abbe56e057f20f883e', 3, NULL),
(15, 'CESAR MEDINA', '', 'CESAR MEDINA', 'e10adc3949ba59abbe56e057f20f883e', 1, NULL),
(16, 'CHUYITA ORTEGA', '', 'CHUYITA ORTEGA', 'e10adc3949ba59abbe56e057f20f883e', 3, NULL),
(17, 'CUCO MUÑOZ', '', 'CUCO MUÑOZ', 'e10adc3949ba59abbe56e057f20f883e', 3, NULL),
(18, 'DULCE ARENAS', '', 'DULCE ARENAS', 'e10adc3949ba59abbe56e057f20f883e', 3, NULL),
(19, 'DANIEL MEDINA', '', 'DANIEL MEDINA', 'e10adc3949ba59abbe56e057f20f883e', 3, NULL),
(20, 'GRIS RAMOS', '', 'GRIS RAMOS', 'e10adc3949ba59abbe56e057f20f883e', 3, NULL),
(21, 'HECTOR LOPEZ', '', 'HECTOR LOPEZ', 'e10adc3949ba59abbe56e057f20f883e', 3, NULL),
(22, 'HECTOR PEREZ', '', 'HECTOR PEREZ', 'e10adc3949ba59abbe56e057f20f883e', 3, NULL),
(23, 'HERMILA', '', 'HERMILA', 'e10adc3949ba59abbe56e057f20f883e', 3, NULL),
(24, 'ISABEL PEÑA', '', 'ISABEL PEÑA', 'e10adc3949ba59abbe56e057f20f883e', 3, NULL),
(25, 'ISMAEL ALVARADO', '', 'ISMAEL ALVARADO', 'e10adc3949ba59abbe56e057f20f883e', 3, NULL),
(26, 'IVAN HERRERA', '', 'IVAN HERRERA', 'e10adc3949ba59abbe56e057f20f883e', 3, NULL),
(27, 'JORGE CASTRO', '', 'JORGE CASTRO', 'e10adc3949ba59abbe56e057f20f883e', 3, NULL),
(28, 'JOSE MEDINA', '', 'JOSE MEDINA', 'e10adc3949ba59abbe56e057f20f883e', 3, NULL),
(29, 'LAURA LIRA', '', 'LAURA LIRA', 'e10adc3949ba59abbe56e057f20f883e', 3, NULL),
(30, 'LUIS GALLO', '', 'LUIS GALLO', 'e10adc3949ba59abbe56e057f20f883e', 3, NULL),
(31, 'LUPITA DE LUNA', '', 'LUPITA DE LUNA', 'e10adc3949ba59abbe56e057f20f883e', 3, NULL),
(32, 'MARTINA GARZA', '', 'MARTINA GARZA', 'e10adc3949ba59abbe56e057f20f883e', 3, NULL),
(33, 'SERGIO FIGUEROA ', '', 'SERGIO FIGUEROA ', 'e10adc3949ba59abbe56e057f20f883e', 3, NULL),
(34, 'PONCHO JURADO', '', 'PONCHO JURADO', 'e10adc3949ba59abbe56e057f20f883e', 1, NULL),
(35, 'LUPITA DE LIRA', '', 'LUPITA DE LIRA', 'e10adc3949ba59abbe56e057f20f883e', 3, NULL),
(36, 'SUSY DE LUNA ', '', 'SUSY DE LUNA ', 'e10adc3949ba59abbe56e057f20f883e', 3, NULL),
(37, 'ADOLFO DE LUNA', '', 'ADOLFO DE LUNA', 'e10adc3949ba59abbe56e057f20f883e', 3, NULL),
(38, 'ADOLFO SUAREZ', '', 'ADOLFO SUAREZ', 'e10adc3949ba59abbe56e057f20f883e', 3, NULL),
(39, 'ANGELICA ORTEGA', '', 'ANGELICA ORTEGA', 'e10adc3949ba59abbe56e057f20f883e', 3, NULL),
(40, 'ARTURO GONZALEZ', '', 'ARTURO GONZALEZ', 'e10adc3949ba59abbe56e057f20f883e', 3, NULL),
(41, 'CARLOS TRISTAN', '', 'CARLOS TRISTAN', 'e10adc3949ba59abbe56e057f20f883e', 3, NULL),
(42, 'COQUITO', '', 'COQUITO', 'e10adc3949ba59abbe56e057f20f883e', 3, NULL),
(43, 'DORA LUZ', '', 'DORA LUZ', 'e10adc3949ba59abbe56e057f20f883e', 3, NULL),
(44, 'ENOJADO', '', 'ENOJADO', 'e10adc3949ba59abbe56e057f20f883e', 3, NULL),
(45, 'GUSTAVO TRISTAN', '', 'GUSTAVO TRISTAN', 'e10adc3949ba59abbe56e057f20f883e', 3, NULL),
(46, 'INDETERMINADO', '', 'INDETERMINADO', 'e10adc3949ba59abbe56e057f20f883e', 3, NULL),
(47, 'JACOB DE LUNA', '', 'JACOB DE LUNA', 'e10adc3949ba59abbe56e057f20f883e', 3, NULL),
(48, 'LEO VALDEZ', '', 'LEO VALDEZ', 'e10adc3949ba59abbe56e057f20f883e', 3, NULL),
(49, 'MAYRA JAIME', '', 'MAYRA JAIME', 'e10adc3949ba59abbe56e057f20f883e', 3, NULL),
(50, 'MIGUEL RUIZ', '', 'MIGUEL RUIZ', 'e10adc3949ba59abbe56e057f20f883e', 3, NULL),
(51, 'MOISES DE LUNA', '', 'MOISES DE LUNA', 'e10adc3949ba59abbe56e057f20f883e', 3, NULL),
(52, 'PACO SALAS', '', 'PACO SALAS', 'e10adc3949ba59abbe56e057f20f883e', 3, NULL),
(53, 'PILLO', '', 'PILLO', 'e10adc3949ba59abbe56e057f20f883e', 3, NULL),
(54, 'PISCUIS', '', 'PISCUIS', 'e10adc3949ba59abbe56e057f20f883e', 3, NULL),
(55, 'PONCHO DAVALOS', '', 'PONCHO DAVALOS', 'e10adc3949ba59abbe56e057f20f883e', 3, NULL),
(56, 'SILVIA GARFIAS', '', 'SILVIA GARFIAS', 'e10adc3949ba59abbe56e057f20f883e', 3, NULL),
(57, 'SOLA', '', 'SOLA', 'e10adc3949ba59abbe56e057f20f883e', 3, NULL),
(58, 'TOÑO ARAMBULA', '', 'TOÑO ARAMBULA', 'e10adc3949ba59abbe56e057f20f883e', 2, NULL),
(59, 'VALTIERRA', '', 'VALTIERRA', 'e10adc3949ba59abbe56e057f20f883e', 3, NULL),
(60, 'vacio', '', 'vacio', 'e10adc3949ba59abbe56e057f20f883e', 3, NULL),
(61, 'isaac de luna ', '', 'isaac de luna ', 'e10adc3949ba59abbe56e057f20f883e', 2, NULL),
(62, 'omar velazquez ', '', 'omar velazquez ', 'e10adc3949ba59abbe56e057f20f883e', 2, NULL),
(63, 'rosa torres', '', 'rosa torres ', 'e10adc3949ba59abbe56e057f20f883e', 3, NULL),
(64, 'ADRIANA JAIME', '4491291547', 'ADRIANA JAIME', 'e10adc3949ba59abbe56e057f20f883e', 3, NULL),
(65, 'Zonal 1', '4491234567', 'zonal1', '4dca5b79872e38bdff5c18b2e8c7f824', 5, NULL),
(66, 'Zonal 2', '4491234567', 'zonal2', '4dca5b79872e38bdff5c18b2e8c7f824', 5, NULL),
(67, 'Zonal 3', '4491234567', 'zonal3', '4dca5b79872e38bdff5c18b2e8c7f824', 5, NULL),
(68, 'Zonal 4', '4491234567', 'zonal4', '4dca5b79872e38bdff5c18b2e8c7f824', 5, NULL),
(69, 'Seccional 1', '4491234567', 'seccional1', 'a7f4a6ce8f6de36b465dfc610c5a3266', 4, NULL),
(70, 'Seccional 2', '4491234567', 'seccional2', 'a7f4a6ce8f6de36b465dfc610c5a3266', 4, NULL),
(71, 'Seccional 3', '4491234567', 'seccional3', 'a7f4a6ce8f6de36b465dfc610c5a3266', 4, NULL),
(72, 'Seccional 4', '4491234567', 'seccional4', 'a7f4a6ce8f6de36b465dfc610c5a3266', 4, NULL),
(73, 'Seccional 5', '4491234567', 'seccional5', 'a7f4a6ce8f6de36b465dfc610c5a3266', 4, NULL),
(74, 'Seccional 6', '4491234567', 'seccional6', 'a7f4a6ce8f6de36b465dfc610c5a3266', 4, NULL),
(75, 'Seccional 7', '4491234567', 'seccional7', 'a7f4a6ce8f6de36b465dfc610c5a3266', 4, NULL),
(76, 'Seccional 8', '4491234567', 'seccional8', 'a7f4a6ce8f6de36b465dfc610c5a3266', 4, NULL),
(77, 'Seccional 9', '4491234567', 'seccional9', 'a7f4a6ce8f6de36b465dfc610c5a3266', 4, NULL),
(78, 'Seccional 10', '4491234567', 'seccional10', 'a7f4a6ce8f6de36b465dfc610c5a3266', 4, NULL),
(79, 'mesa1', '000000', 'mesa1', '90830c77b06980a76ff9ff3459bbf45e', 2, NULL),
(80, 'mesa2', '0000', 'mesa2', '90830c77b06980a76ff9ff3459bbf45e', 2, NULL),
(81, 'capturista1', '0', 'capturista1', '94c6ee4ad924545cd4d53b75af496601', 6, NULL),
(82, 'capturista2', '0', 'capturista2', '9dcb602b008ed7b2502a65937f9d9e1b', 6, NULL),
(83, 'capturista3', '0', 'capturista3', 'd9c8ae9b5b7a1a3e62730d27636196c6', 6, NULL),
(84, 'capturista4', '0', 'capturista4', '5f23a6e5fb0a69709470807413975c3e', 6, NULL);

--
-- Indexes for dumped tables
--

--
-- Indexes for table `a_quien`
--
ALTER TABLE `a_quien`
  ADD PRIMARY KEY (`id`);

--
-- Indexes for table `ganadores`
--
ALTER TABLE `ganadores`
  ADD PRIMARY KEY (`id`);

--
-- Indexes for table `jugadores`
--
ALTER TABLE `jugadores`
  ADD PRIMARY KEY (`id`);

--
-- Indexes for table `lider`
--
ALTER TABLE `lider`
  ADD PRIMARY KEY (`id`);

--
-- Indexes for table `seccion_usuario`
--
ALTER TABLE `seccion_usuario`
  ADD PRIMARY KEY (`id`);

--
-- Indexes for table `tipo_usuario`
--
ALTER TABLE `tipo_usuario`
  ADD PRIMARY KEY (`id_tipo_usuario`);

--
-- Indexes for table `usuarios`
--
ALTER TABLE `usuarios`
  ADD PRIMARY KEY (`id_usuario`);

--
-- AUTO_INCREMENT for dumped tables
--

--
-- AUTO_INCREMENT for table `a_quien`
--
ALTER TABLE `a_quien`
  MODIFY `id` int(11) NOT NULL AUTO_INCREMENT, AUTO_INCREMENT=4;

--
-- AUTO_INCREMENT for table `ganadores`
--
ALTER TABLE `ganadores`
  MODIFY `id` int(11) NOT NULL AUTO_INCREMENT, AUTO_INCREMENT=607;

--
-- AUTO_INCREMENT for table `jugadores`
--
ALTER TABLE `jugadores`
  MODIFY `id` int(11) NOT NULL AUTO_INCREMENT, AUTO_INCREMENT=858;

--
-- AUTO_INCREMENT for table `lider`
--
ALTER TABLE `lider`
  MODIFY `id` int(11) NOT NULL AUTO_INCREMENT;

--
-- AUTO_INCREMENT for table `seccion_usuario`
--
ALTER TABLE `seccion_usuario`
  MODIFY `id` int(11) NOT NULL AUTO_INCREMENT;

--
-- AUTO_INCREMENT for table `tipo_usuario`
--
ALTER TABLE `tipo_usuario`
  MODIFY `id_tipo_usuario` int(11) NOT NULL AUTO_INCREMENT, AUTO_INCREMENT=7;

--
-- AUTO_INCREMENT for table `usuarios`
--
ALTER TABLE `usuarios`
  MODIFY `id_usuario` int(11) NOT NULL AUTO_INCREMENT, AUTO_INCREMENT=85;
COMMIT;

/*!40101 SET CHARACTER_SET_CLIENT=@OLD_CHARACTER_SET_CLIENT */;
/*!40101 SET CHARACTER_SET_RESULTS=@OLD_CHARACTER_SET_RESULTS */;
/*!40101 SET COLLATION_CONNECTION=@OLD_COLLATION_CONNECTION */;
